repository_name,stargazer_count,created_at,updated_at,release_count,cbo_average,dit_average,lcom_average,cbo_median,dit_median,lcom_median,loc_average,loc_median
99-problems,3301,2015-11-22T05:56:33Z,2025-03-19T18:35:27Z,0,1.699248120300752,1.0,1.6842105263157894,2,1,0,15.466165413533835,12
APIJSON,17580,2016-11-21T12:03:29Z,2025-03-23T17:07:46Z,107,5.582089552238806,1.2686567164179106,1181.402985074627,2,1,5,198.3134328358209,14
ARouter,14473,2016-12-14T01:27:49Z,2025-03-21T13:58:13Z,16,3.693877551020408,1.4081632653061225,17.448979591836736,2.0,1.0,0.0,32.285714285714285,10.0
ASimpleCache,3684,2013-07-28T13:50:59Z,2025-03-12T07:56:01Z,0,4.448275862068965,1.4482758620689655,38.51724137931034,2,1,0,68.72413793103448,30
AVLoadingIndicatorView,9754,2015-10-24T20:18:33Z,2025-03-23T08:52:37Z,1,3.5652173913043477,1.7826086956521738,6.75,2.0,1.0,0.0,23.48913043478261,6.0
ActionBarSherlock,7085,2011-03-07T17:28:54Z,2025-03-07T12:26:58Z,32,6.126463700234192,1.9718969555035128,63.39812646370024,4,1,0,61.97423887587822,18
ActiveAndroid,4690,2012-11-15T18:10:45Z,2025-03-20T21:04:03Z,0,3.903225806451613,1.935483870967742,22.080645161290324,3.0,2.0,3.0,50.935483870967744,22.0
Aegis,9980,2016-08-15T19:10:31Z,2025-03-23T16:58:45Z,69,7.447661469933185,1.7082405345211582,22.5456570155902,5,1,1,52.797327394209354,21
AgentWeb,9303,2017-05-12T07:45:56Z,2025-03-22T03:57:44Z,21,5.423529411764706,1.4901960784313726,18.83529411764706,3,1,0,43.96470588235294,12
Aliucord,3961,2021-02-27T16:59:06Z,2025-03-23T02:35:01Z,14,7.780487804878049,1.4878048780487805,73.64634146341463,4.0,1.0,0.0,62.646341463414636,33.0
AndPermission,6633,2016-09-11T05:17:34Z,2025-03-20T09:17:50Z,0,3.994047619047619,1.1666666666666667,7.488095238095238,3.0,1.0,0.0,26.702380952380953,13.0
AndResGuard,8584,2015-10-11T11:48:06Z,2025-03-22T22:17:34Z,4,3.4242424242424243,1.5,22.37878787878788,2.0,1.0,1.5,98.57575757575758,41.5
AndroRAT,3544,2020-03-22T09:31:28Z,2025-03-23T14:20:57Z,0,2.8545454545454545,1.1636363636363636,1.3818181818181818,2,1,0,32.6,11
Android-BluetoothKit,3627,2015-10-08T09:07:33Z,2025-03-23T09:28:07Z,0,4.074688796680498,1.2489626556016598,18.70124481327801,2,1,0,34.634854771784234,12
Android-Bootstrap,7277,2013-11-01T15:36:17Z,2025-03-15T20:58:51Z,5,6.962025316455696,1.6708860759493671,31.39240506329114,3,1,2,131.50632911392404,23
Android-CleanArchitecture,15534,2014-08-19T14:09:26Z,2025-03-23T04:27:03Z,0,5.142857142857143,1.4285714285714286,6.723809523809524,4,1,1,21.523809523809526,13
Android-ConvenientBanner,4770,2014-12-23T06:12:33Z,2025-02-22T06:06:40Z,0,4.827586206896552,1.4482758620689655,7.793103448275862,3,1,1,29.24137931034483,15
Android-Debug-Database,8465,2016-11-16T14:20:24Z,2025-03-23T12:31:45Z,14,4.147540983606557,1.278688524590164,8.80327868852459,4,1,0,39.22950819672131,11
Android-Image-Cropper,6423,2015-01-15T10:49:37Z,2025-03-16T03:55:16Z,32,7.725,1.375,70.375,4.0,1.0,0.0,116.375,21.0
Android-ObservableScrollView,9653,2014-11-08T14:45:20Z,2025-03-23T07:33:22Z,0,5.014925373134329,1.9671641791044776,7.570149253731343,3,2,0,37.67462686567164,13
Android-PickerView,13471,2014-12-28T01:46:38Z,2025-03-22T09:34:45Z,0,3.7252747252747254,1.1538461538461537,15.494505494505495,2,1,0,48.582417582417584,7
Android-PullToRefresh,8701,2011-11-29T09:59:56Z,2025-03-19T08:13:02Z,0,6.024390243902439,2.1341463414634148,55.84146341463415,4.5,2.0,1.0,43.5,17.5
Android-SpinKit,8650,2016-03-20T08:40:51Z,2025-03-18T11:38:05Z,0,4.816901408450704,3.1690140845070425,21.52112676056338,5,2,1,25.52112676056338,11
Android-Universal-Image-Loader,16776,2011-11-27T18:48:23Z,2025-03-22T14:43:59Z,0,4.864285714285714,1.5857142857142856,28.84285714285714,3.0,1.0,0.5,53.1,28.5
Android-Week-View,3436,2014-09-17T10:07:12Z,2025-03-23T14:06:05Z,4,3.6923076923076925,1.2692307692307692,221.34615384615384,2.0,1.0,0.0,71.53846153846153,12.5
Android-ZBLibrary,5561,2015-08-20T16:03:53Z,2025-03-21T09:42:49Z,25,5.377358490566038,1.559748427672956,26.666666666666668,3.0,1.0,0.0,46.31132075471698,15.0
Android-skin-support,6463,2017-01-12T15:03:54Z,2025-03-20T03:23:50Z,0,6.125628140703518,1.399497487437186,18.015075376884422,5.0,1.0,1.0,48.06532663316583,23.5
AndroidAsync,7537,2012-08-24T07:27:04Z,2025-03-21T17:38:51Z,0,3.613259668508287,1.5322283609576428,19.44014732965009,2,1,0,33.30755064456722,8
AndroidAutoLayout,6675,2015-11-19T02:09:11Z,2025-03-22T07:52:31Z,0,5.833333333333333,2.0,8.807692307692308,5.0,2.0,8.0,30.384615384615383,27.0
AndroidAutoSize,13593,2018-08-17T09:04:19Z,2025-03-21T07:53:10Z,14,5.408163265306122,1.4081632653061225,31.285714285714285,4,1,1,35.10204081632653,15
AndroidImageSlider,5624,2014-06-02T06:04:17Z,2025-03-17T12:05:39Z,5,4.063492063492063,1.5714285714285714,59.095238095238095,2,1,1,60.523809523809526,11
AndroidNote,9232,2016-01-04T23:51:36Z,2025-03-22T03:58:35Z,0,4.875,1.375,8.125,1.0,1.0,3.0,50.25,28.5
AndroidPdfViewer,8266,2016-06-02T20:21:21Z,2025-03-23T15:17:34Z,0,4.947368421052632,1.2456140350877194,76.78947368421052,1,1,0,58.3859649122807,10
AndroidPerformanceMonitor,6698,2016-01-17T05:23:22Z,2025-03-20T12:56:09Z,0,4.074074074074074,1.2777777777777777,14.074074074074074,3.0,1.0,0.0,41.370370370370374,19.5
AndroidPicker,6599,2015-10-21T14:21:16Z,2025-03-23T02:03:40Z,57,5.435146443514644,1.6443514644351465,51.71548117154812,3,1,0,56.65690376569037,12
AndroidProject,6589,2018-10-23T10:30:55Z,2025-03-23T04:22:07Z,17,7.215083798882682,2.142458100558659,19.18435754189944,4.0,1.0,1.0,57.1731843575419,21.0
AndroidSlidingUpPanel,9509,2013-05-31T18:33:53Z,2025-03-22T04:00:16Z,8,4.9411764705882355,1.3529411764705883,132.0,2,1,0,118.29411764705883,8
AndroidStaggeredGrid,4750,2013-12-09T19:43:45Z,2025-03-22T12:33:57Z,7,5.861111111111111,1.8611111111111112,155.88888888888889,3.0,1.5,0.5,111.38888888888889,27.5
AndroidSwipeLayout,12400,2014-08-25T04:09:33Z,2025-03-22T02:02:16Z,18,3.7162162162162162,1.3243243243243243,58.9054054054054,2.0,1.0,0.0,37.432432432432435,6.0
AndroidTutorialForBeginners,4471,2016-09-26T16:36:28Z,2025-03-19T22:22:42Z,0,4.4728682170542635,1.496124031007752,2.7364341085271318,3,1,0,30.573643410852714,15
AndroidViewAnimations,12451,2014-06-23T03:53:13Z,2025-03-23T15:04:26Z,9,3.3780487804878048,1.8048780487804879,2.292682926829268,2.0,2.0,0.0,11.768292682926829,5.0
AndroidWiFiADB,4145,2015-10-18T21:58:45Z,2025-03-23T15:04:35Z,8,2.8666666666666667,1.5,12.133333333333333,2.0,1.0,0.0,36.53333333333333,15.5
Android,3545,2013-09-02T16:12:28Z,2025-03-21T17:43:29Z,0,4.607142857142857,1.6428571428571428,2.107142857142857,4.5,2.0,1.0,24.089285714285715,19.5
Apktool,21569,2012-03-19T17:46:53Z,2025-03-23T15:09:20Z,25,6.01123595505618,1.9438202247191012,54.337078651685395,5.0,2.0,1.0,68.74719101123596,27.0
AppUpdate,3560,2017-06-19T09:38:42Z,2025-03-23T14:56:40Z,3,4.4375,1.15625,37.140625,3.0,1.0,1.0,45.703125,13.0
AutoDispose,3371,2016-12-22T18:46:11Z,2025-03-20T07:17:34Z,4,7.105263157894737,1.3759398496240602,20.76691729323308,5,1,1,40.59398496240601,19
BGABanner-Android,4174,2014-10-25T17:15:18Z,2025-03-23T15:15:59Z,0,5.0,1.5849056603773586,26.28301886792453,3,2,1,40.056603773584904,12
BGARefreshLayout-Android,4311,2015-05-28T16:17:00Z,2025-03-23T15:15:54Z,4,5.148148148148148,1.4074074074074074,9.796296296296296,3.0,1.0,1.0,33.641975308641975,10.0
BackgroundLibrary,3874,2018-09-09T08:52:45Z,2025-03-17T09:05:28Z,13,4.7899159663865545,1.2100840336134453,34.1764705882353,4,1,0,67.47058823529412,16
BadgeView,3980,2017-02-08T02:01:39Z,2025-03-22T21:29:24Z,5,4.3428571428571425,1.3142857142857143,49.885714285714286,2,1,0,50.25714285714286,21
BannerViewPager,3684,2017-03-28T09:11:11Z,2025-03-21T12:59:28Z,57,5.410958904109589,1.4109589041095891,47.84931506849315,3,1,0,43.15068493150685,18
BasePopup,5214,2016-01-15T03:31:07Z,2025-03-20T09:19:00Z,15,5.887323943661972,1.6954225352112675,34.29401408450704,3.0,1.0,1.0,49.80105633802817,16.0
BigData-Notes,16285,2019-03-10T01:40:01Z,2025-03-23T10:43:27Z,0,5.714285714285714,1.2207792207792207,0.8181818181818182,5,1,0,27.584415584415584,21
BlurView,3625,2016-04-21T16:00:07Z,2025-03-21T13:50:14Z,29,5.392857142857143,1.5,5.75,2.5,1.0,2.0,25.5,8.0
Blurry,5631,2015-07-23T14:12:08Z,2025-03-21T00:32:47Z,0,5.142857142857143,1.0,0.6428571428571429,3.5,1.0,0.0,45.42857142857143,14.0
Bolts-Android,4012,2014-01-30T04:58:14Z,2025-03-17T16:44:16Z,11,3.0,1.0886075949367089,19.0126582278481,2.0,1.0,0.0,32.55696202531646,9.0
BookReader,6647,2016-08-03T05:17:27Z,2025-03-23T03:25:49Z,0,4.782546494992847,1.4377682403433476,25.32331902718169,2,1,0,44.22603719599428,13
BoomMenu,5803,2016-03-19T12:04:12Z,2025-03-21T06:43:41Z,0,0,0,0,0,0,0,0,0
BottomBar,8407,2016-03-16T01:31:05Z,2025-03-16T17:17:26Z,4,4.909090909090909,1.2878787878787878,61.666666666666664,2.0,1.0,0.0,42.93939393939394,6.0
BottomNavigationViewEx,3475,2016-11-12T08:39:38Z,2025-03-21T06:22:01Z,19,4.896551724137931,1.5862068965517242,50.13793103448276,3,1,0,47.275862068965516,13
BottomNavigation,4367,2016-03-19T19:19:30Z,2025-03-21T06:21:30Z,16,7.533333333333333,1.4333333333333333,69.26666666666667,5.5,1.0,4.5,69.7,34.0
BubbleSeekBar,3401,2016-11-03T14:31:05Z,2025-03-21T01:19:17Z,12,4.9,1.3,91.7,2.0,1.0,1.0,65.26666666666667,12.0
CC,4050,2017-11-23T16:26:33Z,2025-03-18T08:37:37Z,0,4.966666666666667,1.2583333333333333,16.316666666666666,4.0,1.0,0.0,38.325,15.0
COLA,12298,2018-02-06T13:46:27Z,2025-03-23T13:44:25Z,11,4.260956175298805,1.3247011952191234,3.693227091633466,3.0,1.0,0.0,15.934262948207172,10.0
Calligraphy,8584,2013-12-20T02:35:45Z,2025-03-22T10:18:48Z,4,5.72,1.44,11.36,5,1,3,38.72,16
CameraView,5021,2017-07-18T09:30:33Z,2025-03-21T16:52:09Z,42,5.597378277153558,1.3745318352059925,34.762172284644194,3.0,1.0,0.0,39.61610486891386,11.0
ChatKit,3707,2017-02-02T09:37:15Z,2025-03-22T03:03:39Z,1,5.768518518518518,2.8981481481481484,35.48148148148148,3.0,2.0,0.0,43.333333333333336,14.0
CircleImageView,14546,2014-01-17T16:44:46Z,2025-03-23T01:48:48Z,0,11.0,2.3333333333333335,178.66666666666666,5,2,0,120.0,12
CircleIndicator,4268,2014-07-30T14:02:56Z,2025-03-07T09:04:04Z,7,6.511111111111111,1.6222222222222222,8.511111111111111,5,2,1,38.044444444444444,24
CircleProgress,3819,2014-10-30T16:14:42Z,2025-03-22T10:17:13Z,0,5.76,1.68,85.76,6,2,1,58.04,24
CloudReader,4964,2016-11-20T11:59:25Z,2025-03-21T06:29:08Z,25,4.747967479674797,1.4552845528455285,19.41260162601626,3.0,1.0,0.0,39.416666666666664,16.0
CompreFace,6183,2020-07-06T08:29:43Z,2025-03-23T15:01:58Z,11,7.8108108108108105,1.6576576576576576,3.894894894894895,6,1,0,23.32132132132132,8
CoordinatorTabLayout,4193,2017-01-27T13:40:28Z,2025-03-19T12:10:18Z,0,5.294117647058823,1.411764705882353,9.411764705882353,3,1,0,27.823529411764707,11
CustomActivityOnCrash,3749,2014-07-04T19:46:21Z,2025-03-05T10:29:40Z,12,5.4,1.3333333333333333,32.333333333333336,4,1,0,59.53333333333333,21
DDComponentForAndroid,3332,2017-09-07T05:48:44Z,2025-02-22T23:23:02Z,4,3.0980392156862746,1.3137254901960784,6.705882352941177,2,1,0,28.41176470588235,12
DKVideoPlayer,5135,2017-04-11T01:33:38Z,2025-03-21T14:23:43Z,32,5.326259946949602,1.5915119363395225,46.753315649867375,2,1,0,48.92838196286472,17
DSBridge-Android,3825,2017-01-02T11:58:53Z,2025-03-21T15:37:20Z,2,2.978723404255319,1.1063829787234043,15.97872340425532,2,1,0,39.170212765957444,6
DanmakuFlameMaster,9568,2013-08-11T12:18:50Z,2025-03-23T08:19:19Z,5,5.162790697674419,1.6104651162790697,47.50581395348837,3.0,1.0,1.0,74.87790697674419,20.0
DataMiningAlgorithm,3909,2015-01-11T02:50:28Z,2025-03-23T08:52:37Z,0,2.2936507936507935,1.0873015873015872,9.96031746031746,2.0,1.0,0.0,92.56349206349206,35.5
Depth-LIB-Android-,4557,2016-04-27T09:37:28Z,2025-03-20T04:38:50Z,0,3.787037037037037,1.212962962962963,13.351851851851851,2.0,1.0,0.0,34.916666666666664,6.0
DesignPattern,4882,2016-10-21T10:59:32Z,2025-03-23T15:05:16Z,0,2.5380710659898478,1.2791878172588833,1.4263959390862944,2,1,0,13.213197969543147,8
Dexter,5224,2015-11-17T13:14:43Z,2025-03-20T11:33:52Z,33,4.425,1.2,4.15,3.0,1.0,0.0,27.4625,12.0
DiscreteScrollView,5789,2017-03-03T23:38:54Z,2025-03-23T04:32:14Z,2,4.228571428571429,1.2476190476190476,19.114285714285714,2,1,0,35.21904761904762,11
DiskLruCache,5786,2012-01-05T00:36:34Z,2025-03-15T11:08:11Z,0,3.25,1.3333333333333333,11.0,2.5,1.0,3.0,161.41666666666666,43.0
DroidPlugin,6919,2015-08-27T11:14:57Z,2025-03-22T07:49:02Z,2,3.3027989821882953,4.388040712468193,3.699745547073791,2.0,3.0,0.0,28.372773536895675,5.0
DropDownMenu,3591,2015-06-23T07:43:56Z,2025-03-23T10:12:56Z,2,4.526315789473684,1.368421052631579,2.1578947368421053,3,1,0,27.0,6
EffectiveAndroidUI,6024,2014-07-04T08:42:20Z,2025-03-16T17:18:23Z,0,4.438356164383562,1.3424657534246576,11.616438356164384,3,1,1,26.34246575342466,11
EventBus,24740,2012-07-16T16:55:40Z,2025-03-23T15:07:48Z,7,3.4184782608695654,1.8315217391304348,9.005434782608695,3.0,1.0,0.0,28.76086956521739,8.5
ExpandableTextView,4088,2014-05-17T19:40:15Z,2025-03-22T04:00:08Z,4,5.133333333333334,1.7333333333333334,11.8,4,1,0,36.8,15
ExplosionField,3596,2015-09-23T11:34:50Z,2025-03-08T07:19:58Z,0,4.9,1.5,4.3,2.0,1.5,0.0,34.3,20.5
Fast-Android-Networking,5766,2016-03-21T18:35:44Z,2025-03-23T12:31:54Z,10,3.219130434782609,1.2504347826086957,13.768695652173912,2,1,1,34.08,11
FastBle,5382,2016-08-23T02:06:33Z,2025-03-19T08:13:06Z,9,4.380952380952381,1.2952380952380953,26.066666666666666,2,1,0,44.885714285714286,8
FileDownloader,11079,2015-12-22T11:17:16Z,2025-03-19T05:17:18Z,65,4.5278810408921935,1.687732342007435,42.014869888475836,2,1,1,53.48327137546468,18
FirebaseUI-Android,4667,2015-07-09T17:31:09Z,2025-03-20T02:56:11Z,66,9.788732394366198,1.9577464788732395,12.338028169014084,7.0,1.0,1.0,46.73943661971831,29.0
FlexibleAdapter,3566,2015-05-02T22:00:43Z,2025-02-28T06:55:47Z,30,6.024539877300613,2.1134969325153374,102.30981595092024,4.0,1.0,1.0,48.62883435582822,16.0
FloatWindow,4191,2017-11-14T14:33:55Z,2025-03-21T13:26:13Z,9,3.772727272727273,1.2727272727272727,9.727272727272727,2.0,1.0,1.0,33.47727272727273,13.0
FloatingActionButton,4003,2014-07-22T13:29:55Z,2025-03-22T03:59:49Z,0,4.638297872340425,1.3829787234042554,139.68085106382978,2,1,0,59.680851063829785,10
FlowLayout,5595,2015-08-28T09:32:31Z,2025-03-21T06:23:36Z,0,4.323529411764706,1.411764705882353,5.0,3.0,1.0,0.0,23.823529411764707,7.0
FlycoTabLayout,11091,2015-11-09T01:53:19Z,2025-03-23T12:39:51Z,4,6.454545454545454,1.5454545454545454,223.0909090909091,3,1,1,82.72727272727273,16
ForestBlog,4571,2017-10-08T15:27:47Z,2025-03-22T11:05:19Z,0,5.104651162790698,1.069767441860465,12.686046511627907,3.0,1.0,0.0,28.337209302325583,18.5
GCViewer,4517,2011-10-23T09:01:04Z,2025-03-21T08:01:34Z,5,5.206293706293707,2.1818181818181817,46.25874125874126,4.0,1.0,1.0,68.4965034965035,36.0
GDA-android-reversing-Tool,4367,2017-10-31T08:18:29Z,2025-03-23T16:53:19Z,40,2.5625,1.0,57.375,2.5,1.0,0.0,35.4375,21.5
GeekNews,3503,2016-08-07T14:56:56Z,2025-03-23T08:55:26Z,0,4.624145785876993,1.4464692482915718,10.009111617312072,2,1,0,27.195899772209568,11
GoGoGo,6580,2021-12-03T06:59:39Z,2025-03-23T14:20:58Z,7,7.387755102040816,1.4489795918367347,14.122448979591837,3,1,1,80.06122448979592,17
GravitySnapHelper,5005,2016-08-31T07:25:23Z,2025-03-19T01:49:59Z,14,6.375,1.75,57.875,4.5,1.5,1.0,76.25,13.5
GuideView,3957,2016-06-19T08:52:25Z,2025-03-23T15:11:31Z,0,3.742857142857143,1.3714285714285714,8.228571428571428,2,1,1,35.6,13
HMCL,7380,2015-06-22T08:06:03Z,2025-03-23T13:48:36Z,235,0,0,0,0,0,0,0,0
HTextView,5640,2015-12-19T16:34:59Z,2025-03-23T00:00:44Z,0,4.197802197802198,1.5604395604395604,3.4835164835164836,2,1,0,33.8021978021978,12
HaE,3466,2020-03-24T10:12:50Z,2025-03-23T13:18:41Z,72,4.042857142857143,1.6,9.985714285714286,2.0,1.0,0.0,53.5,21.0
HomeMirror,7852,2015-08-23T03:20:08Z,2025-03-03T20:47:38Z,0,2.727272727272727,1.0757575757575757,5.348484848484849,2.0,1.0,0.0,26.045454545454547,11.5
IJPay,5646,2017-05-02T03:15:32Z,2025-03-21T07:30:13Z,24,5.681318681318682,1.3553113553113554,133.80586080586082,5,1,0,51.65201465201465,20
ImagePicker,4302,2016-01-27T17:05:03Z,2025-03-18T01:44:47Z,5,5.828947368421052,1.486842105263158,23.07894736842105,3.0,1.0,0.0,48.48684210526316,13.0
ImmersionBar,11376,2017-04-19T05:10:09Z,2025-03-21T11:54:22Z,0,6.352112676056338,2.1056338028169015,159.25352112676057,5.0,2.0,3.0,50.96478873239437,19.0
InfiniteCycleViewPager,5736,2016-08-22T08:04:39Z,2025-03-19T03:42:22Z,2,5.048780487804878,1.6341463414634145,102.53658536585365,3,2,0,86.92682926829268,12
InstaMaterial,4979,2014-11-10T18:56:49Z,2025-03-22T07:50:41Z,1,4.7875,1.5375,9.9375,2.0,1.0,0.0,27.7875,7.0
IoT-Technical-Guide,4271,2019-04-02T01:52:44Z,2025-03-22T13:03:17Z,0,4.085034013605442,1.248299319727891,3.163265306122449,3.0,1.0,0.0,17.806122448979593,9.0
JAViewer,4613,2016-05-21T08:47:10Z,2025-03-23T15:56:34Z,10,5.787709497206704,1.5977653631284916,11.64804469273743,4,1,0,35.245810055865924,15
JCSprout,27110,2017-12-17T09:06:50Z,2025-03-22T14:21:07Z,0,1.962962962962963,1.0925925925925926,1.7654320987654322,1.0,1.0,0.0,27.15432098765432,15.0
JFoenix,6314,2015-09-08T14:04:24Z,2025-03-22T11:22:24Z,0,0,0,0,0,0,0,0,0
JGrowing,4566,2019-02-26T01:55:08Z,2025-03-22T18:31:36Z,0,1.5263157894736843,1.0,1.9473684210526316,1,1,1,17.31578947368421,11
JKeyboardPanelSwitch,4187,2015-07-01T17:42:01Z,2025-03-20T09:30:56Z,14,5.2,1.3,7.38,3.0,1.0,0.0,34.72,10.0
JS-Sorting-Algorithm,5172,2017-01-19T11:36:21Z,2025-03-22T10:42:40Z,0,3.5833333333333335,1.0,2.8333333333333335,3.0,1.0,0.5,32.416666666666664,31.0
JSON-java,4591,2010-12-21T17:46:09Z,2025-03-23T15:22:00Z,23,3.202247191011236,1.2247191011235956,305.0674157303371,1,1,3,133.51685393258427,22
Java-WebSocket,10625,2010-01-20T23:33:04Z,2025-03-22T02:26:12Z,19,3.5555555555555554,1.8199233716475096,36.34099616858238,2,1,6,49.04597701149425,19
JavaEETest,3481,2016-12-13T02:13:58Z,2025-03-19T13:54:45Z,0,3.2987012987012987,1.0714285714285714,3.551948051948052,3.0,1.0,0.0,14.766233766233766,9.0
JavaGuide,148839,2018-05-07T13:27:00Z,2025-03-23T16:21:24Z,0,0,0,0,0,0,0,0,0
JavaSourceCodeLearning,3577,2020-06-02T13:34:20Z,2025-03-23T10:26:22Z,0,2.854889589905363,1.2586750788643533,3.138801261829653,2,1,0,19.069400630914828,13
JavaTutorial,6861,2018-05-01T15:57:21Z,2025-03-23T08:36:40Z,1,0.3333333333333333,1.0,0.3333333333333333,0,1,0,4.666666666666667,6
Jetpack-MVVM-Best-Practice,8912,2019-10-31T05:21:01Z,2025-03-22T07:39:36Z,0,4.840336134453781,1.6218487394957983,12.0,3,1,0,31.016806722689076,12
JiaoZiVideoPlayer,10487,2016-02-06T11:04:24Z,2025-03-21T06:28:39Z,78,7.27536231884058,2.1159420289855073,56.63768115942029,6,2,4,65.18840579710145,30
JsBridge,9823,2015-02-26T12:10:58Z,2025-03-20T09:40:57Z,0,3.5172413793103448,1.1724137931034482,17.24137931034483,2,1,0,35.758620689655174,5
JsonPath,9070,2011-01-24T13:19:19Z,2025-03-23T00:35:18Z,10,4.557065217391305,1.486413043478261,29.29076086956522,3.0,1.0,0.0,44.75,14.5
JustAuth,16814,2019-01-31T09:42:20Z,2025-03-23T14:47:55Z,46,5.51010101010101,1.3434343434343434,12.984848484848484,2.0,1.0,6.0,30.575757575757574,17.0
JustTrustMe,4984,2014-07-24T23:45:05Z,2025-03-23T16:42:27Z,1,2.2962962962962963,1.1851851851851851,2.7037037037037037,1,1,0,22.14814814814815,6
LQRWeChat,3409,2017-02-07T06:32:40Z,2025-03-14T03:50:16Z,0,4.740932642487047,1.4093264248704662,18.935233160621763,2.0,1.0,1.0,45.626943005181346,20.0
LSPatch,7812,2021-03-01T19:38:36Z,2025-03-23T12:28:43Z,9,4.342465753424658,1.3493150684931507,23.876712328767123,2.0,1.0,0.0,48.0,18.5
LayoutManagerGroup,4985,2018-04-28T11:47:38Z,2025-03-12T15:06:07Z,0,4.9523809523809526,1.5714285714285714,9.142857142857142,3,2,0,36.26984126984127,15
Leaf,6550,2018-12-11T07:41:35Z,2025-03-21T10:26:48Z,0,3.475,1.425,11.25,1.5,1.0,0.0,32.625,9.5
LeetCode-Book,7091,2021-12-17T14:16:02Z,2025-03-23T13:48:21Z,0,1.3333333333333333,1.0,0.08527131782945736,1.0,1.0,0.0,12.0968992248062,9.0
LeetCode,7420,2020-01-11T01:02:02Z,2025-03-22T07:21:17Z,0,1.2269503546099292,1.0,0.6950354609929078,1,1,0,23.22695035460993,20
Linkage-RecyclerView,3653,2019-04-22T04:39:46Z,2025-03-17T08:44:20Z,0,6.4,1.5466666666666666,10.386666666666667,5,1,1,34.026666666666664,27
ListViewAnimations,5551,2013-03-19T11:59:23Z,2025-03-22T23:21:40Z,14,6.474452554744525,2.0583941605839415,10.459854014598541,5,2,0,41.583941605839414,17
LitePal,8107,2013-02-20T03:20:07Z,2025-03-22T07:50:12Z,0,5.009950248756219,1.6517412935323383,49.44776119402985,3,1,0,58.85572139303483,17
LiveEventBus,3930,2018-07-11T07:36:59Z,2025-03-22T03:58:04Z,0,3.227272727272727,1.1103896103896105,4.035714285714286,2.0,1.0,0.0,25.266233766233768,6.0
LoadSir,3491,2017-09-02T08:32:15Z,2025-03-20T11:22:30Z,6,5.1891891891891895,1.554054054054054,4.013513513513513,3.0,1.5,0.0,20.013513513513512,12.5
LoadingDrawable,4112,2016-04-16T07:33:57Z,2025-03-23T09:29:08Z,0,6.507692307692308,1.4461538461538461,15.830769230769231,4,1,1,68.12307692307692,13
Luban,13631,2016-07-24T07:43:21Z,2025-03-23T10:50:09Z,6,2.9655172413793105,1.1724137931034482,10.862068965517242,1,1,1,37.51724137931034,8
Luyten,5037,2013-07-11T10:57:28Z,2025-03-23T13:53:07Z,17,2.3488372093023258,1.5426356589147288,15.449612403100776,1,1,0,52.325581395348834,13
MPAndroidChart,37875,2014-04-25T14:29:47Z,2025-03-23T15:19:27Z,44,8.843137254901961,1.9803921568627452,91.0326797385621,5.0,1.0,1.0,68.99019607843137,25.0
MVPArms,10283,2016-08-06T08:49:56Z,2025-03-19T07:18:24Z,25,6.644295302013423,1.2818791946308725,32.100671140939596,5,1,3,40.1744966442953,19
MagicCamera,5473,2016-01-08T11:36:56Z,2025-03-22T15:09:01Z,0,3.539772727272727,1.46875,7.630681818181818,3.0,1.0,0.0,41.31534090909091,25.0
MagicIndicator,9766,2016-06-26T08:20:43Z,2025-03-19T06:12:58Z,12,5.0,1.3398058252427185,26.941747572815533,4,1,3,44.00970873786408,21
MagicaSakura,3549,2016-06-23T07:54:59Z,2025-03-22T08:38:21Z,3,8.297619047619047,1.6785714285714286,25.44047619047619,7.5,2.0,3.0,63.892857142857146,33.5
MallChat,4235,2023-03-16T15:04:35Z,2025-03-23T08:57:23Z,0,6.117117117117117,1.2027027027027026,4.4391891891891895,5.0,1.0,0.0,20.855855855855857,10.0
MarqueeView,3782,2016-06-01T06:50:46Z,2025-03-13T01:07:24Z,0,5.409090909090909,1.3636363636363635,5.454545454545454,4.0,1.0,0.0,36.54545454545455,17.0
Material-Animations,13514,2015-03-08T20:54:00Z,2025-03-23T08:11:24Z,0,4.4,1.4666666666666666,4.7555555555555555,2,1,0,22.444444444444443,8
MaterialDateTimePicker,4666,2015-01-03T19:41:03Z,2025-03-07T05:23:49Z,54,6.47945205479452,1.4657534246575343,127.63013698630137,5,1,1,103.23287671232876,31
MaterialDesignLibrary,8982,2014-09-30T07:37:17Z,2025-03-22T04:00:05Z,3,4.536585365853658,1.8170731707317074,6.7560975609756095,3.0,1.0,0.0,35.69512195121951,13.5
MaterialEditText,6103,2014-10-30T10:07:23Z,2025-03-14T03:17:47Z,19,5.653846153846154,1.3076923076923077,742.8461538461538,2.0,1.0,0.0,130.19230769230768,16.0
MaterialSearchView,3829,2015-09-14T17:13:46Z,2025-03-22T03:59:17Z,6,4.105263157894737,1.3157894736842106,23.86842105263158,2.0,1.0,1.0,33.578947368421055,10.5
MaterialViewPager,8120,2015-04-24T17:53:15Z,2025-03-21T04:03:21Z,11,4.545454545454546,1.2954545454545454,9.386363636363637,3.0,1.0,0.0,36.72727272727273,16.0
Matisse,12548,2017-04-13T01:31:05Z,2025-03-21T03:45:30Z,15,6.657894736842105,1.394736842105263,8.078947368421053,5.0,1.0,0.0,44.973684210526315,20.0
Music-Player,3517,2016-05-06T21:55:37Z,2025-03-23T13:57:55Z,2,4.40625,1.75,5.03125,3.5,2.0,0.5,28.9375,19.5
MusicBot,5558,2016-08-14T18:46:29Z,2025-03-23T01:20:42Z,38,6.741935483870968,2.5053763440860215,10.591397849462366,5,3,1,44.053763440860216,32
My-Blog,3759,2019-03-04T09:17:00Z,2025-03-23T14:21:00Z,0,4.758620689655173,1.0517241379310345,29.551724137931036,3.0,1.0,5.0,41.56896551724138,30.0
MyBatis-Spring-Boot,3368,2015-12-19T09:57:22Z,2025-03-23T14:02:34Z,0,5.2,1.25,5.2,4.5,1.0,0.0,19.8,19.5
MyPerf4J,3429,2018-03-11T09:58:44Z,2025-03-23T14:18:47Z,23,3.8697068403908794,1.1530944625407167,10.416938110749186,2,1,0,33.586319218241044,18
Mybatis-PageHelper,12282,2014-06-09T15:32:30Z,2025-03-23T00:22:53Z,14,5.82122905027933,1.4245810055865922,29.966480446927374,6,1,0,41.0,23
NavigationTabBar,4948,2016-03-29T08:59:27Z,2025-03-20T07:16:52Z,13,4.017241379310345,1.3103448275862069,57.5,2.0,1.0,0.5,43.758620689655174,10.0
NewbieGuide,3588,2017-07-28T06:54:05Z,2025-03-19T23:58:35Z,20,4.3076923076923075,1.1794871794871795,10.435897435897436,3.0,1.0,0.0,24.307692307692307,8.0
NineOldAndroids,4480,2011-12-08T19:46:37Z,2025-02-27T17:11:38Z,0,4.2898550724637685,1.434782608695652,30.144927536231883,2.0,1.0,0.0,54.96376811594203,11.0
NoHttp,3707,2015-07-29T06:11:12Z,2025-03-05T03:33:19Z,0,4.456140350877193,1.5,45.64912280701754,3.0,1.0,1.0,36.96491228070175,14.0
NumberProgressBar,6093,2014-05-01T08:54:25Z,2025-03-21T02:06:36Z,3,3.1666666666666665,1.3333333333333333,91.83333333333333,0.5,1.0,0.0,63.333333333333336,7.5
OpenHub,4252,2017-07-11T13:29:51Z,2025-03-22T06:12:24Z,31,6.7317073170731705,1.6295731707317074,32.92835365853659,4.0,1.0,1.0,37.422256097560975,11.0
PRDownloader,3308,2017-11-11T19:29:38Z,2025-03-23T13:58:30Z,8,2.3375,1.04375,9.54375,1.0,1.0,0.0,29.43125,9.0
PageIndicatorView,4640,2016-08-20T19:25:32Z,2025-03-17T19:42:32Z,14,5.5,1.5,22.805555555555557,4.0,1.0,1.0,49.05555555555556,26.5
PermissionsDispatcher,11228,2015-08-15T21:41:05Z,2025-03-14T03:12:37Z,40,1.6218487394957983,1.226890756302521,34.378151260504204,0,1,3,26.756302521008404,11
Phoenix,4004,2015-01-12T14:11:20Z,2025-03-23T14:21:41Z,1,4.333333333333333,1.6666666666666667,7.541666666666667,2.5,1.0,0.0,40.666666666666664,12.0
PhotoView,18833,2012-07-17T16:39:00Z,2025-03-23T15:07:55Z,5,4.733333333333333,1.3555555555555556,24.6,3,1,0,39.82222222222222,14
PictureSelector,13409,2017-01-04T07:47:39Z,2025-03-23T03:50:02Z,116,4.295238095238095,1.1714285714285715,97.79047619047618,2,1,0,54.714285714285715,11
Play-with-Algorithms,3684,2016-07-05T18:16:22Z,2025-03-22T09:30:16Z,0,2.7954545454545454,1.0075757575757576,3.878787878787879,2.0,1.0,0.0,39.25757575757576,37.5
PocketHub,9388,2011-09-08T16:52:50Z,2025-03-20T16:33:05Z,1,6.5754716981132075,1.4811320754716981,9.04245283018868,5.0,1.0,0.0,32.924528301886795,21.0
PojavLauncher,7527,2020-03-11T03:22:54Z,2025-03-23T14:55:45Z,126,0,0,0,0,0,0,0,0
PowerJob,7390,2020-03-16T09:19:55Z,2025-03-23T14:14:45Z,50,5.659863945578231,1.1795918367346938,5.0,4,1,0,32.248979591836736,14
PreviewSeekBar,3468,2017-01-24T23:52:44Z,2025-02-18T06:56:35Z,10,5.6521739130434785,1.173913043478261,28.17391304347826,2,1,1,50.69565217391305,11
QLExpress,4990,2017-03-15T08:39:54Z,2025-03-23T14:02:02Z,10,4.211309523809524,1.5535714285714286,12.547619047619047,3.0,1.0,0.0,37.101190476190474,21.0
QR-Code-generator,5693,2016-04-15T02:19:41Z,2025-03-23T14:59:43Z,5,3.9473684210526314,1.4210526315789473,19.57894736842105,3,1,1,95.94736842105263,60
RecyclerViewPager,3520,2015-01-17T18:30:34Z,2025-02-28T06:54:31Z,10,4.309859154929577,1.4929577464788732,9.971830985915492,2,1,0,38.521126760563384,20
RichText,3941,2015-07-21T09:36:01Z,2025-03-20T03:13:15Z,0,4.2727272727272725,1.446969696969697,10.545454545454545,2.0,1.0,0.0,39.28030303030303,11.5
RippleEffect,4920,2014-10-14T13:32:51Z,2025-03-22T03:59:33Z,0,3.4210526315789473,1.368421052631579,23.157894736842106,2,1,0,26.526315789473685,5
Robust,4438,2017-03-14T10:14:50Z,2025-03-23T16:18:19Z,13,3.5238095238095237,1.2619047619047619,17.357142857142858,2.0,1.0,3.5,70.30952380952381,34.0
RoundedImageView,6432,2013-02-22T01:17:37Z,2025-03-21T15:21:05Z,19,8.4,1.8,107.46666666666667,9,2,0,84.33333333333333,35
RxAndroidBle,3483,2016-02-04T13:42:02Z,2025-03-23T15:03:12Z,59,5.381856540084388,1.3164556962025316,53.81645569620253,3.0,1.0,0.0,32.483122362869196,10.0
RxJava-Android-Samples,7538,2014-07-23T05:13:52Z,2025-03-22T01:05:11Z,0,6.627906976744186,1.8255813953488371,9.19767441860465,3.0,1.0,3.0,30.61627906976744,13.5
RxJava2-Android-Samples,4952,2016-08-27T08:21:37Z,2025-03-23T13:58:31Z,0,3.6648648648648647,1.2540540540540541,6.286486486486487,2,1,0,21.57837837837838,15
RxJava,48053,2013-01-08T20:11:48Z,2025-03-23T15:13:11Z,235,0,0,0,0,0,0,0,0
RxLifecycle,7704,2015-07-20T13:32:23Z,2025-03-19T14:15:41Z,22,6.469135802469136,1.654320987654321,1.4074074074074074,6,1,0,30.48148148148148,24
RxPermissions,10483,2015-09-29T13:55:09Z,2025-03-23T15:02:35Z,11,4.65,1.1,10.1,2.0,1.0,0.0,43.8,11.5
SDE-Interview-Questions,7449,2017-10-25T11:08:52Z,2025-03-21T15:16:24Z,1,0.0,1.0,0.0,0,1,0,5.0,5
SSM,3443,2016-06-21T10:09:02Z,2025-03-17T11:11:14Z,10,3.188073394495413,1.151376146788991,110.80275229357798,2.0,1.0,2.0,59.00917431192661,19.0
ScalingLayout,3321,2017-10-01T12:28:34Z,2025-03-10T02:53:29Z,4,3.3333333333333335,1.2222222222222223,4.333333333333333,2,1,0,23.37037037037037,10
SeeWeather,3434,2016-02-20T13:10:14Z,2025-02-22T15:49:31Z,2,4.867924528301887,1.5377358490566038,6.122641509433962,3.0,1.0,1.0,29.254716981132077,17.0
ShadowLayout,3568,2019-07-09T07:17:06Z,2025-03-23T15:55:58Z,28,4.0,1.1384615384615384,21.615384615384617,2,1,0,52.87692307692308,12
Shadow,7553,2019-06-13T10:50:27Z,2025-03-22T11:28:40Z,5,4.232937685459941,1.768545994065282,17.327893175074184,3.0,1.0,0.0,32.50148367952522,12.0
ShedLock,3804,2016-12-11T13:53:59Z,2025-03-23T04:42:24Z,0,5.919137466307277,2.0512129380053907,6.916442048517521,5,2,0,28.973045822102424,19
ShineButton,4220,2016-07-05T06:32:26Z,2025-02-26T09:10:57Z,2,4.833333333333333,1.625,23.625,2.0,1.0,0.0,41.166666666666664,13.5
ShortcutBadger,7352,2013-11-15T12:51:52Z,2025-03-22T05:33:42Z,0,5.290322580645161,1.1612903225806452,3.4838709677419355,5,1,1,28.548387096774192,16
ShowcaseView,5590,2012-08-14T19:07:36Z,2025-03-23T15:05:15Z,13,5.384615384615385,1.4,17.815384615384616,5,1,0,32.09230769230769,17
Side-Menu.Android,5246,2015-01-13T11:11:27Z,2025-03-18T10:27:31Z,2,3.888888888888889,1.2222222222222223,4.111111111111111,2.0,1.0,0.0,24.944444444444443,8.5
SimianArmy,7983,2012-07-06T22:00:05Z,2025-03-22T07:46:45Z,4,5.845901639344262,1.4229508196721312,25.160655737704918,4,1,3,52.64262295081967,26
SimplifyReader,4576,2015-08-17T08:22:53Z,2025-02-24T14:29:20Z,0,4.136075949367089,1.379746835443038,60.29430379746835,2.0,1.0,0.0,54.91930379746835,13.0
Skeleton,3697,2017-07-30T06:42:39Z,2025-03-13T03:51:23Z,0,3.727272727272727,1.2424242424242424,4.606060606060606,3,1,0,22.78787878787879,8
SlidingMenu,11061,2012-06-30T05:14:23Z,2025-03-15T20:58:25Z,0,4.77027027027027,1.8243243243243243,47.445945945945944,3.0,1.0,0.0,41.689189189189186,13.0
Small,5053,2015-11-27T11:37:20Z,2025-03-17T13:56:03Z,25,3.8,1.4756756756756757,20.167567567567566,2,1,0,41.76216216216216,6
SmartRefreshLayout,25059,2017-06-02T09:52:50Z,2025-03-23T11:33:55Z,14,0,0,0,0,0,0,0,0
SmartTabLayout,7092,2015-02-14T11:25:51Z,2025-03-07T09:10:12Z,0,6.355555555555555,1.6444444444444444,9.71111111111111,4,1,1,42.48888888888889,27
SmoothProgressBar,4513,2013-11-27T20:32:16Z,2025-03-17T06:12:54Z,9,4.854166666666667,1.2291666666666667,26.3125,3.0,1.0,0.0,46.0,12.5
Spring-Boot-In-Action,4706,2019-01-28T12:56:51Z,2025-03-23T01:51:17Z,0,3.8656716417910446,1.1194029850746268,6.007462686567164,3.0,1.0,0.0,20.253731343283583,8.5
SpringAll,28682,2018-05-02T02:48:44Z,2025-03-23T17:09:13Z,0,5.2171581769437,1.1126005361930296,3.7050938337801607,4,1,0,16.369973190348524,11
SpringBoot-Learning,15771,2016-08-21T03:39:06Z,2025-03-23T09:13:12Z,0,4.455223880597015,1.0261194029850746,1.4701492537313432,4.0,1.0,0.0,10.373134328358208,7.0
SpringBoot-Shiro-Vue,4603,2017-11-17T18:49:06Z,2025-03-17T18:00:20Z,0,5.777777777777778,1.4074074074074074,9.444444444444445,6,1,0,23.444444444444443,13
SpringBootVulExploit,5890,2020-05-20T09:18:44Z,2025-03-23T08:02:12Z,0,3.4285714285714284,1.0,3.5714285714285716,3.0,1.0,0.0,18.428571428571427,8.5
SpringCloud-Learning,7376,2016-08-21T03:39:52Z,2025-03-21T02:16:56Z,0,5.828571428571428,1.0444444444444445,28.463492063492062,4,1,1,42.83174603174603,21
SpringCloudLearning,17923,2017-04-08T10:06:56Z,2025-03-23T15:52:45Z,0,4.607142857142857,1.05,0.5285714285714286,4.0,1.0,0.0,7.807142857142857,5.0
StatusBarUtil,8806,2016-02-15T03:06:06Z,2025-03-17T06:12:36Z,0,4.151515151515151,1.5454545454545454,22.545454545454547,3,1,0,31.393939393939394,11
StickyListHeaders,5501,2012-03-11T18:29:18Z,2025-03-17T13:48:03Z,16,4.813953488372093,1.3953488372093024,3.9767441860465116,3,1,0,49.116279069767444,10
StylishMusicPlayer,3704,2016-09-13T14:38:32Z,2025-03-21T18:42:13Z,0,1.6666666666666667,1.6666666666666667,0.0,2,2,0,5.333333333333333,5
SuperTextView,3308,2017-04-17T11:32:41Z,2025-03-19T05:34:52Z,33,3.046511627906977,1.1627906976744187,141.67441860465115,2.0,1.0,0.0,46.53488372093023,5.0
SurveyKing,3474,2021-09-06T13:34:14Z,2025-03-23T09:19:23Z,3,5.2125,1.23,7.825,3.0,1.0,0.0,23.0925,8.0
SwipeBackLayout,6120,2013-08-25T03:36:12Z,2025-03-22T07:49:24Z,0,5.0,1.3888888888888888,61.333333333333336,3.0,1.0,3.0,90.83333333333333,25.0
SwipeDelMenuLayout,3744,2016-08-25T08:10:45Z,2025-03-18T02:24:22Z,2,3.1,1.25,5.2,2.0,1.0,0.0,27.125,7.0
SwipeMenuListView,3507,2014-08-24T15:40:45Z,2025-03-23T03:38:47Z,2,4.393939393939394,1.4545454545454546,15.242424242424242,2,1,1,40.81818181818182,12
SwitchButton,4731,2014-09-09T07:20:43Z,2025-03-21T09:09:29Z,0,4.37037037037037,1.4074074074074074,82.48148148148148,2,1,0,57.148148148148145,9
SystemBarTint,5360,2013-11-17T12:35:05Z,2025-03-06T05:25:25Z,3,8.0,1.7777777777777777,22.555555555555557,7,2,1,89.66666666666667,41
TakePhoto,7243,2015-08-04T02:05:32Z,2025-03-21T15:25:27Z,15,5.054545454545455,1.2545454545454546,10.89090909090909,2,1,1,43.69090909090909,28
TapTargetView,5425,2016-09-11T09:07:36Z,2025-03-20T08:55:00Z,24,4.512820512820513,1.1538461538461537,49.8974358974359,2,1,0,50.38461538461539,15
Timber,7034,2015-06-12T16:43:55Z,2025-03-22T01:07:41Z,5,5.399558498896247,1.4613686534216335,19.748344370860927,3,1,0,48.253863134657834,14
Timeline-View,3854,2015-12-15T14:55:04Z,2025-03-21T16:57:13Z,15,9.0,1.5,453.5,9.0,1.5,453.5,209.0,209.0
TinyPinyin,3859,2015-09-30T03:24:50Z,2025-03-22T20:24:47Z,2,2.0307692307692307,1.0923076923076922,8.753846153846155,1,1,0,21.553846153846155,7
Toaster,3326,2018-09-16T05:28:57Z,2025-03-21T03:27:23Z,33,4.5,1.3529411764705883,39.5,3.0,1.0,1.0,40.64705882352941,19.0
Toasty,6589,2017-01-18T18:52:41Z,2025-03-21T09:41:58Z,19,4.0625,1.0625,56.625,3.0,1.0,0.0,30.4375,5.5
Transitions-Everywhere,4816,2014-10-15T03:37:03Z,2025-03-23T13:57:49Z,23,6.901554404145077,1.6839378238341969,25.72020725388601,5,1,0,49.145077720207254,13
UltimateAndroidReference,7870,2017-04-10T07:28:27Z,2025-03-21T12:58:09Z,0,1.0,1.0,0.0,1,1,0,22.0,22
UltimateRecyclerView,7211,2015-01-28T02:27:45Z,2025-03-12T10:13:57Z,9,5.214659685863874,1.693717277486911,41.39267015706806,3.0,1.0,0.0,42.102094240837694,13.0
UltraViewPager,4998,2017-03-29T13:31:53Z,2025-03-23T16:09:44Z,10,5.208333333333333,1.375,58.375,2.0,1.0,0.0,63.25,13.5
VBlog,7369,2017-12-26T11:01:55Z,2025-03-23T14:52:27Z,0,4.551724137931035,1.0344827586206897,29.06896551724138,4,1,1,26.93103448275862,16
VasSonic,11851,2017-08-01T08:35:13Z,2025-03-19T05:31:03Z,10,4.198198198198198,1.2792792792792793,21.61261261261261,2,1,0,66.85585585585585,19
ViewPagerCards,4067,2016-08-20T15:24:12Z,2025-03-03T03:07:03Z,0,5.333333333333333,1.5555555555555556,2.2222222222222223,6,2,0,26.666666666666668,14
ViewPagerIndicator,10120,2011-08-04T17:13:44Z,2025-03-23T15:07:22Z,0,5.4393939393939394,2.242424242424242,29.272727272727273,5.5,3.0,0.0,44.65151515151515,13.0
VirtualAPK,9017,2017-06-29T07:25:05Z,2025-03-21T03:47:45Z,4,4.895705521472393,1.6134969325153374,17.57668711656442,3,1,1,48.96319018404908,17
WePush,4384,2017-06-23T09:03:36Z,2025-03-23T16:39:00Z,58,6.77536231884058,1.5797101449275361,25.14855072463768,2.5,1.0,1.0,82.57608695652173,37.0
XCL-Charts,4018,2014-06-09T15:44:50Z,2025-03-20T10:04:47Z,0,7.740061162079511,2.1773700305810397,49.042813455657495,3,1,4,71.55045871559633,38
XPopup,7861,2018-12-07T06:16:48Z,2025-03-23T14:24:45Z,221,4.704918032786885,1.5770491803278688,22.901639344262296,3,1,0,40.485245901639345,11
XRecyclerView,5333,2015-11-18T08:14:22Z,2025-03-22T03:57:42Z,0,3.9096385542168677,1.4216867469879517,9.042168674698795,2.0,1.0,0.0,31.03012048192771,9.0
XXPermissions,6020,2018-06-15T14:31:29Z,2025-03-23T10:51:04Z,63,5.5227272727272725,1.8068181818181819,30.28409090909091,3.0,1.0,0.0,54.51136363636363,13.0
XposedInstaller,3928,2012-04-02T20:33:05Z,2025-03-17T00:32:14Z,0,4.886699507389163,1.4187192118226601,8.517241379310345,2,1,0,44.23645320197044,10
advanced-java,77283,2018-10-06T11:38:30Z,2025-03-23T17:06:40Z,1,0,0,0,0,0,0,0,0
agera,7179,2015-12-17T13:22:58Z,2025-03-22T04:40:13Z,16,6.327586206896552,1.2413793103448276,14.844827586206897,4.0,1.0,0.0,37.57586206896552,13.0
ahbottomnavigation,3835,2016-03-17T12:17:56Z,2025-03-23T02:52:30Z,14,5.108695652173913,1.173913043478261,57.47826086956522,2.0,1.0,0.0,50.84782608695652,10.0
akhq,3504,2018-09-09T19:35:39Z,2025-03-21T04:05:22Z,41,8.232876712328768,1.297945205479452,29.96232876712329,6.0,1.0,0.0,58.25,16.5
allure2,4493,2016-05-27T14:06:05Z,2025-03-23T13:59:12Z,76,6.029850746268656,1.3059701492537314,11.485074626865671,4.0,1.0,1.0,29.645522388059703,13.0
analysis-ik,16881,2011-12-16T09:01:45Z,2025-03-23T10:33:25Z,1,4.891891891891892,1.3783783783783783,14.162162162162161,4,1,4,64.29729729729729,35
android-Ultra-Pull-To-Refresh,9580,2014-11-13T03:13:10Z,2025-03-17T06:11:59Z,8,4.0186335403726705,1.4037267080745341,19.142857142857142,2,1,0,34.01242236024845,10
android-async-http,10632,2011-02-20T03:25:07Z,2025-03-20T02:54:20Z,3,5.662337662337662,1.7857142857142858,45.87662337662338,4.0,1.0,3.0,49.48051948051948,25.0
android-autofittextview,4268,2011-02-14T06:00:52Z,2025-03-23T15:05:29Z,1,5.375,1.375,40.75,4.0,1.0,1.5,58.75,15.0
android-butterknife-zelezny,3372,2013-12-23T14:24:08Z,2025-03-22T07:50:55Z,8,4.926829268292683,1.6585365853658536,11.317073170731707,3,1,0,39.65853658536585,17
android-classyshark,7563,2015-10-12T13:40:48Z,2025-03-23T15:23:25Z,17,3.169811320754717,1.278301886792453,10.25,2.0,1.0,1.0,41.10377358490566,16.5
android-common,3647,2014-05-29T08:08:00Z,2025-02-21T22:52:07Z,0,4.4363636363636365,1.2454545454545454,43.06363636363636,3.0,1.0,1.0,60.972727272727276,22.0
android-crop,4542,2014-03-13T10:24:43Z,2025-03-22T10:59:36Z,6,4.290322580645161,1.3870967741935485,26.483870967741936,1,1,0,54.064516129032256,10
android-floating-action-button,6378,2014-09-19T06:49:21Z,2025-03-23T15:03:48Z,0,5.571428571428571,1.6666666666666667,48.142857142857146,3,1,0,51.333333333333336,8
android-gif-drawable,9578,2013-01-30T01:37:46Z,2025-03-21T08:01:53Z,61,6.153846153846154,1.646153846153846,58.43076923076923,4,1,0,45.09230769230769,20
android-gpuimage,9072,2012-10-04T08:11:58Z,2025-03-23T04:22:45Z,0,2.9607843137254903,2.156862745098039,11.300653594771243,2,2,0,41.44444444444444,16
android-hidden-api,3492,2015-09-16T11:58:33Z,2025-03-23T13:57:05Z,2,8.0,1.0,56.5,7.5,1.0,0.5,119.5,138.0
android-iconify,3937,2013-06-12T11:42:01Z,2025-03-15T20:58:43Z,0,3.511627906976744,1.2325581395348837,5.186046511627907,3,1,1,21.13953488372093,11
android-interview-questions,11726,2017-07-09T18:47:24Z,2025-03-23T15:01:30Z,0,0.0,1.0,0.0,0,1,0,5.0,5
android-job,5370,2015-08-20T19:36:54Z,2025-03-23T15:08:19Z,31,6.994708994708994,1.7671957671957672,32.00529100529101,4,1,1,56.576719576719576,19
android-lifecycle,5274,2014-04-18T14:26:22Z,2025-03-03T19:52:55Z,0,7.0,1.6666666666666667,151.66666666666666,7.5,2.0,190.0,80.16666666666667,104.0
android-maps-utils,3568,2013-05-17T00:08:48Z,2025-03-18T13:41:21Z,47,7.0675675675675675,1.6396396396396395,38.43693693693694,5.0,1.0,1.0,66.63513513513513,38.5
android-mvp-architecture,4444,2017-01-27T08:39:06Z,2025-03-11T07:24:14Z,0,5.815068493150685,1.3835616438356164,14.10958904109589,3.0,1.0,0.0,27.732876712328768,12.0
android-priority-jobqueue,3394,2014-06-20T00:12:45Z,2025-02-21T22:55:47Z,0,4.79155672823219,1.7176781002638521,10.839050131926122,3,1,0,37.20844327176781,13
android-stackblur,3582,2013-08-15T14:44:32Z,2025-03-17T06:13:25Z,0,1.7804878048780488,1.0975609756097562,0.5853658536585366,0,1,0,22.75609756097561,5
android-times-square,4437,2013-01-30T20:28:27Z,2025-03-22T07:52:09Z,0,4.553191489361702,1.2340425531914894,25.872340425531913,4,1,0,48.638297872340424,8
android-tips-tricks,4735,2016-08-25T20:27:33Z,2025-03-19T03:27:56Z,0,1.0,1.0,0.0,1,1,0,22.0,22
android-volley,4289,2013-05-21T05:35:26Z,2025-03-22T07:50:32Z,0,5.090909090909091,1.893939393939394,15.818181818181818,3.0,1.0,0.0,37.61363636363637,20.0
android-zxingLibrary,5014,2016-07-26T08:00:18Z,2025-03-23T07:16:50Z,0,4.711538461538462,1.3269230769230769,5.634615384615385,3.0,1.0,0.0,38.80769230769231,15.5
androidmvp,5926,2014-04-02T05:42:20Z,2025-03-16T17:18:24Z,0,3.2857142857142856,1.2857142857142858,3.0,2.0,1.0,0.0,19.571428571428573,16.0
api-samples,5648,2013-12-09T18:41:41Z,2025-03-23T09:09:55Z,0,6.404761904761905,1.0,4.380952380952381,7.0,1.0,0.0,60.5,51.0
archi,3320,2015-09-11T16:13:34Z,2025-02-18T11:44:37Z,0,5.457142857142857,1.2285714285714286,1.5285714285714285,3.5,1.0,0.0,28.985714285714284,16.5
arthas,36084,2018-08-29T17:15:57Z,2025-03-23T11:55:41Z,59,0,0,0,0,0,0,0,0
async-http-client,6325,2011-03-07T13:41:46Z,2025-03-21T14:34:33Z,5,5.705985915492958,1.5704225352112675,41.84330985915493,4.0,1.0,1.0,50.70422535211268,21.0
aurora-imui,5712,2016-12-13T05:24:01Z,2025-03-23T03:47:35Z,42,4.807017543859649,1.5292397660818713,50.26900584795322,2.5,1.0,0.0,52.014619883040936,13.0
aurora,4249,2022-08-19T13:39:16Z,2025-03-22T21:06:21Z,0,7.287625418060201,1.117056856187291,7.25752508361204,6,1,0,16.5752508361204,8
austin,5653,2021-11-06T09:36:01Z,2025-03-23T05:41:27Z,0,6.2298850574712645,1.1235632183908046,1.4511494252873562,5.0,1.0,0.0,18.78735632183908,10.0
awaitility,3885,2010-01-22T15:12:52Z,2025-03-23T02:30:57Z,0,3.176470588235294,1.1941176470588235,18.58235294117647,1.0,1.0,0.0,32.194117647058825,13.0
awesome-java-leetcode,8708,2017-04-17T15:51:41Z,2025-03-22T01:05:54Z,0,1.6805555555555556,1.0,1.1666666666666667,2.0,1.0,1.0,24.61111111111111,24.0
awesome-leetcode-resources,8998,2023-10-25T01:48:19Z,2025-03-23T16:58:00Z,0,1.1818181818181819,1.0,4.7272727272727275,1,1,0,32.72727272727273,13
awesome-system-design-resources,21728,2023-10-25T01:50:42Z,2025-03-23T17:12:10Z,0,0.8181818181818182,1.0,0.0,1,1,0,30.545454545454547,26
banner,12976,2016-04-22T05:50:25Z,2025-03-21T09:37:26Z,0,6.082191780821918,1.8356164383561644,47.68493150684932,5,2,1,37.31506849315068,20
barcodescanner,5454,2014-02-24T21:14:09Z,2025-03-23T09:48:20Z,6,5.273972602739726,1.643835616438356,11.821917808219178,2,1,0,38.3013698630137,10
baseAdapter,4721,2015-08-03T02:55:51Z,2025-03-21T06:23:37Z,0,4.88,1.32,18.28,3.0,1.0,0.0,31.26,12.0
bilibili-android-client,4491,2016-06-01T04:36:01Z,2025-03-13T03:53:06Z,1,0,0,0,0,0,0,0,0
bitcoin-wallet,3862,2012-03-31T17:06:47Z,2025-03-23T15:03:05Z,0,7.532299741602067,1.7131782945736433,5.41343669250646,4,1,0,47.49095607235142,19
blade,5861,2015-06-10T03:35:49Z,2025-03-19T12:23:25Z,9,4.61437908496732,1.2352941176470589,41.84313725490196,3.0,1.0,0.0,50.01960784313726,18.5
blurkit-android,3745,2016-11-06T03:14:58Z,2025-03-22T04:14:21Z,3,6.1,1.5,30.3,5.0,1.0,0.0,49.7,23.5
bottomsheet,4521,2015-04-23T17:37:32Z,2025-03-21T06:28:32Z,10,4.897058823529412,1.3676470588235294,27.66176470588235,3.0,1.0,0.0,37.911764705882355,7.0
brigadier,3515,2014-09-15T08:48:24Z,2025-03-22T21:19:33Z,3,6.635294117647059,1.1529411764705881,44.55294117647059,5,1,0,50.72941176470588,29
butterknife,25528,2013-03-05T08:18:59Z,2025-03-22T23:20:36Z,0,3.9595588235294117,1.2352941176470589,10.481617647058824,2.0,1.0,0.0,28.352941176470587,8.0
camel,5771,2009-05-21T00:25:36Z,2025-03-23T14:44:46Z,0,0,0,0,0,0,0,0,0
cameraview,4743,2016-08-04T05:22:14Z,2025-03-21T15:24:20Z,0,4.833333333333333,1.2638888888888888,12.125,3.0,1.0,0.0,41.43055555555556,13.0
campus-imaotai,4178,2023-07-07T10:37:13Z,2025-03-23T13:29:05Z,11,6.339449541284404,1.4128440366972477,20.376146788990827,5.0,1.0,1.0,35.44954128440367,18.0
camunda,3528,2016-03-20T03:38:04Z,2025-03-23T14:04:19Z,364,0,0,0,0,0,0,0,0
cglib,4841,2014-03-29T13:48:30Z,2025-03-22T03:14:23Z,15,3.216867469879518,1.5321285140562249,261.7971887550201,1.0,1.0,0.0,35.48192771084337,9.0
chatgpt-java,3411,2023-02-11T08:54:54Z,2025-03-23T14:45:28Z,10,5.27536231884058,1.2753623188405796,14.594202898550725,3,1,0,29.130434782608695,8
chuck,4700,2017-02-07T23:51:39Z,2025-03-17T10:58:48Z,5,5.833333333333333,1.380952380952381,55.73809523809524,4.0,1.0,0.5,40.42857142857143,17.5
cim,9385,2018-05-20T15:55:56Z,2025-03-22T06:44:01Z,8,4.823863636363637,1.2727272727272727,6.403409090909091,4.0,1.0,0.0,28.357954545454547,13.0
circular-progress-button,5769,2014-06-07T12:58:48Z,2025-03-23T09:51:05Z,3,3.9743589743589745,1.2820512820512822,25.333333333333332,2,1,0,36.64102564102564,13
concurrency-limits,3314,2017-12-11T19:32:41Z,2025-03-23T14:16:22Z,102,4.609375,1.28125,8.28125,3.0,1.0,1.0,40.0859375,20.0
concurrent,4530,2018-11-03T13:49:36Z,2025-03-23T02:50:12Z,0,0,0,0,0,0,0,0,0
crawler4j,4581,2011-12-31T22:49:18Z,2025-03-23T04:35:27Z,3,5.27710843373494,1.3132530120481927,55.89156626506024,4,1,1,57.06024096385542,32
cryptomator,12572,2014-02-02T00:43:47Z,2025-03-23T15:01:45Z,184,8.161137440758294,1.4360189573459716,17.739336492890995,6.0,1.0,1.0,38.21800947867298,22.0
ctci,5146,2013-03-21T23:01:01Z,2025-03-18T02:05:31Z,0,1.9581993569131833,1.1189710610932475,5.096463022508039,2,1,1,36.154340836012864,28
dagger,7304,2012-08-02T23:25:32Z,2025-03-22T07:51:07Z,0,3.152334152334152,1.2285012285012284,5.9705159705159705,3,1,0,19.74692874692875,5
datax-web,5726,2019-11-19T01:09:05Z,2025-03-23T13:26:44Z,5,5.028391167192429,1.38801261829653,13.239747634069401,3,1,0,43.53627760252366,21
db-tutorial,4568,2017-08-08T06:33:38Z,2025-03-23T11:00:59Z,0,5.205741626794258,1.1818181818181819,32.60765550239235,4,1,0,53.60287081339713,15
dddsample-core,5105,2015-01-31T23:21:37Z,2025-03-22T08:45:27Z,0,6.842424242424243,1.1393939393939394,6.6909090909090905,5,1,0,28.587878787878786,19
dexposed,4523,2015-06-30T02:59:16Z,2025-03-22T07:46:48Z,0,2.9166666666666665,1.6944444444444444,82.83333333333333,2.0,1.0,0.0,67.05555555555556,19.0
dialogplus,4994,2014-12-12T09:24:44Z,2025-03-02T14:43:10Z,9,5.241379310344827,1.0344827586206897,57.86206896551724,3,1,0,36.10344827586207,8
disconf,5553,2014-05-30T09:39:27Z,2025-03-21T15:37:07Z,12,4.2964705882352945,1.3576470588235294,12.616470588235295,3,1,0,32.96235294117647,18
disruptor,17683,2012-09-21T13:42:24Z,2025-03-22T15:23:54Z,14,4.480487804878049,1.2902439024390244,25.882926829268293,3.0,1.0,0.0,32.114634146341466,13.0
dubbo-spring-boot-project,5410,2018-01-18T12:10:50Z,2025-03-16T02:40:50Z,13,7.123595505617978,1.1685393258426966,11.932584269662922,6,1,0,21.43820224719101,14
dynamic-datasource,4864,2018-04-28T02:32:16Z,2025-03-22T17:37:38Z,18,4.923076923076923,1.1479289940828403,2.4142011834319526,3,1,0,29.331360946745562,19
dynamic-load-apk,6019,2014-03-30T11:51:00Z,2025-03-22T22:44:56Z,0,5.82258064516129,1.435483870967742,9.419354838709678,3.0,1.0,0.0,42.25806451612903,13.0
easy-rules,5013,2013-03-10T14:38:26Z,2025-03-23T08:51:28Z,10,5.092592592592593,1.3148148148148149,7.62962962962963,4.0,1.0,1.0,29.98148148148148,17.0
easyexcel,33234,2018-02-06T03:14:08Z,2025-03-23T14:56:50Z,14,6.330357142857143,1.375,32.025,5.0,1.0,1.0,36.6875,15.0
easypermissions,9889,2015-12-22T18:05:53Z,2025-03-20T14:09:20Z,12,8.93939393939394,1.4848484848484849,12.212121212121213,8,1,6,51.666666666666664,28
eladmin,21557,2018-12-14T08:54:24Z,2025-03-23T14:53:43Z,1,7.97887323943662,1.158450704225352,6.426056338028169,5.0,1.0,0.0,28.43661971830986,11.0
emojicon,3610,2014-01-18T12:32:38Z,2025-03-04T06:03:53Z,2,5.153846153846154,1.564102564102564,6.769230769230769,4,1,0,76.17948717948718,13
epic,4462,2017-05-22T02:52:44Z,2025-03-18T02:11:12Z,5,3.228187919463087,1.6241610738255035,30.395973154362416,3,1,1,34.40939597315436,12
failsafe,4236,2015-06-30T00:56:39Z,2025-03-19T01:52:15Z,0,6.38655462184874,2.063025210084034,19.176470588235293,6.0,1.0,1.0,42.12605042016807,22.5
fastexcel,4242,2024-10-05T11:42:50Z,2025-03-23T09:12:40Z,3,6.238095238095238,1.3686067019400352,31.80246913580247,5,1,1,36.54320987654321,15
ffmpeg-android-java,3338,2014-09-11T10:12:09Z,2025-03-19T15:00:39Z,8,2.9148936170212765,1.446808510638298,7.723404255319149,1,1,1,27.78723404255319,13
flink-recommandSystem-demo,4356,2019-05-15T07:55:35Z,2025-03-21T10:10:37Z,0,3.727272727272727,1.077922077922078,6.402597402597403,3,1,1,23.83116883116883,16
floatingsearchview,3540,2015-11-22T02:38:32Z,2025-02-28T05:21:01Z,0,3.5703703703703704,1.1777777777777778,26.28148148148148,2,1,0,30.88888888888889,7
flutter-webrtc,4243,2018-03-07T02:26:03Z,2025-03-23T02:09:50Z,122,6.647058823529412,1.2352941176470589,37.44705882352941,3,1,0,89.62352941176471,18
folding-cell-android,4903,2016-04-01T11:38:47Z,2025-03-23T14:14:01Z,0,4.142857142857143,1.3333333333333333,13.380952380952381,2,1,0,38.666666666666664,10
freeline,5472,2016-08-03T17:22:52Z,2025-03-06T17:38:24Z,22,3.740740740740741,1.6074074074074074,13.866666666666667,2,1,1,39.681481481481484,16
from-java-to-kotlin,6257,2017-05-21T11:56:27Z,2025-03-23T15:04:40Z,0,0.5,1.0,0.0,0.5,1.0,0.0,18.5,18.5
frontend-maven-plugin,4285,2013-08-30T14:44:38Z,2025-03-21T21:10:31Z,0,5.595959595959596,1.7272727272727273,7.05050505050505,3,1,1,37.54545454545455,23
ftgo-application,3526,2017-10-23T04:30:04Z,2025-03-22T21:11:58Z,0,5.311653116531165,1.1897018970189701,8.214092140921409,3,1,0,18.607046070460704,13
fullstack-tutorial,11631,2018-04-13T01:50:10Z,2025-03-23T10:20:05Z,0,0,0,0,0,0,0,0,0
glide-transformations,9921,2015-01-09T10:33:29Z,2025-03-22T01:44:35Z,0,5.555555555555555,2.1481481481481484,2.7777777777777777,5,2,0,36.7037037037037,27
glide,34821,2013-07-08T22:52:33Z,2025-03-23T15:31:30Z,47,0,0,0,0,0,0,0,0
gnirehtet,6671,2017-02-09T16:01:13Z,2025-03-23T14:25:35Z,12,3.765432098765432,1.1851851851851851,14.296296296296296,2,1,1,53.45679012345679,40
google-authenticator,5259,2014-10-08T17:54:27Z,2025-03-23T13:38:50Z,0,3.8852459016393444,1.6885245901639345,29.65573770491803,2,1,1,64.50819672131148,18
google-java-format,5737,2015-05-11T20:38:28Z,2025-03-23T07:23:22Z,32,5.696969696969697,1.4242424242424243,67.93333333333334,4,1,1,78.27878787878788,28
gradle-retrolambda,5291,2013-08-05T02:09:58Z,2025-03-15T02:06:41Z,37,4.6,1.04,2.16,3,1,0,24.92,13
grafika,6116,2013-12-19T18:36:53Z,2025-03-21T22:03:34Z,1,6.407766990291262,1.7475728155339805,6.893203883495145,5,2,0,97.42718446601941,60
greenDAO,12623,2011-10-22T16:15:14Z,2025-03-23T07:38:48Z,8,5.013736263736264,2.1016483516483517,47.4532967032967,4.0,1.0,1.0,50.9478021978022,25.0
greys-anatomy,4028,2012-11-21T19:39:35Z,2025-03-14T10:10:12Z,0,4.066666666666666,1.1541666666666666,6.770833333333333,3.0,1.0,0.0,44.891666666666666,19.5
groupie,3665,2016-09-01T20:59:35Z,2025-03-06T12:01:35Z,28,5.096774193548387,1.8279569892473118,29.903225806451612,3,1,0,41.913978494623656,15
grpc-spring,3593,2016-12-30T09:06:15Z,2025-03-20T15:12:29Z,34,6.595693779904306,1.4784688995215312,5.368421052631579,6.0,1.0,0.0,25.72248803827751,13.0
guide-rpc-framework,4122,2020-05-10T13:24:42Z,2025-03-23T15:52:37Z,0,4.825,1.2375,1.2125,4.0,1.0,0.0,19.7875,11.0
haven,6672,2017-03-01T03:20:03Z,2025-03-17T19:22:26Z,37,6.822784810126582,1.3924050632911393,11.772151898734178,4,1,1,57.734177215189874,24
hawk,3985,2015-02-19T22:25:23Z,2025-03-14T04:08:50Z,22,3.6153846153846154,1.0384615384615385,12.961538461538462,2.0,1.0,1.0,32.07692307692308,16.5
hello-algo,110893,2022-11-04T11:08:34Z,2025-03-23T16:56:39Z,9,1.8744186046511628,1.0,4.706976744186046,2,1,1,35.84651162790698,30
hellocharts-android,7443,2014-10-12T09:12:37Z,2025-03-17T15:03:08Z,14,6.42483660130719,1.6666666666666667,40.294117647058826,4,1,1,71.86274509803921,41
http-request,3375,2011-10-21T19:54:58Z,2025-03-21T18:45:59Z,0,2.238095238095238,1.1130952380952381,78.50595238095238,2.0,1.0,0.0,29.023809523809526,6.0
hugo,7923,2013-11-25T09:16:40Z,2025-03-18T06:17:34Z,0,5.714285714285714,1.1428571428571428,27.714285714285715,7,1,6,54.857142857142854,59
interviewGuide,3946,2016-04-20T07:17:09Z,2025-03-23T14:15:45Z,0,0,0,0,0,0,0,0,0
interview,11140,2014-07-20T21:27:31Z,2025-03-23T16:18:38Z,0,2.0149925037481258,1.0374812593703149,3.4092953523238383,2,1,1,40.86806596701649,35
interviews,64026,2017-02-14T18:19:25Z,2025-03-23T13:49:44Z,0,1.2957198443579767,1.0077821011673151,0.29571984435797666,1,1,0,21.92217898832685,20
ion,6282,2013-05-22T07:41:23Z,2025-03-11T00:46:20Z,0,4.536332179930795,1.4602076124567474,23.598615916955016,3,1,0,32.674740484429066,11
ipscan,4368,2011-06-28T20:58:48Z,2025-03-23T13:57:06Z,30,4.97911227154047,1.6657963446475197,4.130548302872063,3,1,0,32.78067885117493,17
itstack-demo-design,6570,2020-05-20T13:45:30Z,2025-03-22T14:00:34Z,0,2.1953488372093024,1.1116279069767443,5.330232558139535,2,1,0,18.70232558139535,14
java-algorithms-implementation,4486,2013-11-20T03:30:19Z,2025-03-22T03:17:09Z,0,3.567198177676538,1.5831435079726652,7.050113895216401,3,1,0,72.34168564920273,31
java-developer-roadmap,4073,2019-04-23T06:42:13Z,2025-03-23T06:09:57Z,0,0.0,1.0,0.0,0,1,0,5.0,5
java-eight-part,6402,2020-10-16T16:27:04Z,2025-03-23T16:04:55Z,0,0,0,0,0,0,0,0,0
java-faker,4832,2011-06-06T01:01:21Z,2025-03-23T09:50:10Z,0,4.115555555555556,1.448888888888889,40.74666666666667,4,1,0,29.822222222222223,17
java-jwt,5995,2014-03-07T15:06:11Z,2025-03-21T21:28:30Z,45,5.662790697674419,1.627906976744186,142.74418604651163,3.5,1.0,1.0,103.76744186046511,32.5
java8-tutorial,16773,2014-03-16T17:25:43Z,2025-03-22T20:00:09Z,0,1.0340909090909092,1.0,3.909090909090909,1.0,1.0,0.0,23.647727272727273,19.0
javacpp,4562,2014-04-21T12:47:21Z,2025-03-20T05:24:35Z,12,5.938679245283019,2.0235849056603774,153.1933962264151,5.0,2.0,1.0,125.35377358490567,40.0
javacv,7723,2014-04-21T13:50:26Z,2025-03-22T12:39:21Z,12,6.121076233183857,2.1300448430493275,133.99103139013454,4,1,1,120.87443946188341,48
javapoet,10857,2013-02-01T16:56:30Z,2025-03-23T13:56:47Z,0,4.515151515151516,1.1515151515151516,129.2929292929293,2,1,0,76.1919191919192,17
jd-gui,14385,2015-03-25T05:28:41Z,2025-03-23T14:11:37Z,18,4.538083538083538,2.4176904176904177,11.115479115479115,3,1,1,47.44226044226044,17
jeepay,5410,2017-08-12T02:40:32Z,2025-03-21T17:07:27Z,0,8.612727272727273,1.950909090909091,4.290909090909091,7.0,2.0,0.0,31.20909090909091,17.0
jetcache,5299,2017-04-12T07:48:23Z,2025-03-23T14:56:43Z,66,5.883408071748879,1.616591928251121,15.908071748878923,4.0,1.0,0.0,40.38340807174888,17.0
jetlinks-community,5828,2020-01-02T07:27:34Z,2025-03-23T13:43:53Z,19,0,0,0,0,0,0,0,0
jetty.project,3900,2011-07-14T01:11:57Z,2025-03-21T10:18:35Z,113,0,0,0,0,0,0,0,0
jimureport,6879,2019-12-05T12:25:59Z,2025-03-23T16:13:02Z,25,6.166666666666667,1.0833333333333333,2.25,5.5,1.0,0.0,20.916666666666668,13.5
jsonschema2pojo,6277,2013-06-22T22:28:53Z,2025-03-21T06:22:36Z,63,6.735294117647059,1.1433823529411764,76.92279411764706,5.0,1.0,0.0,52.9375,29.0
jvm-sandbox,6860,2017-08-03T02:55:31Z,2025-03-23T14:56:39Z,13,3.4827586206896552,1.3264367816091953,12.360919540229885,2,1,0,33.11954022988506,12
jvm,10671,2018-06-23T01:12:59Z,2025-03-23T15:43:45Z,0,0.0,1.0,0.0,0,1,0,5.0,5
kafdrop,5764,2019-05-27T08:46:56Z,2025-03-21T17:22:30Z,49,5.479591836734694,1.316326530612245,29.489795918367346,3.0,1.0,0.0,42.47959183673469,17.5
lanproxy,5726,2016-11-20T08:12:10Z,2025-03-23T02:10:12Z,1,4.238095238095238,1.1904761904761905,8.206349206349206,3,1,0,42.34920634920635,23
learning-note,3537,2020-06-15T16:47:25Z,2025-03-23T16:05:33Z,0,2.1945288753799392,1.1732522796352585,2.893617021276596,2.0,1.0,0.0,20.316109422492403,13.0
learning-spark,3891,2014-06-16T04:47:54Z,2025-03-22T16:26:37Z,0,2.827067669172932,1.0150375939849625,1.7969924812030076,2,1,0,17.25563909774436,7
leetcode-editor,3816,2019-03-19T16:32:17Z,2025-03-23T05:27:36Z,55,6.32890365448505,1.7375415282392026,20.13621262458472,4,1,0,44.588039867109636,22
library,5181,2019-01-11T09:14:03Z,2025-03-22T14:10:08Z,0,6.788617886178862,1.0406504065040652,5.430894308943089,5,1,0,14.390243902439025,9
libsvm,4613,2013-09-10T14:32:07Z,2025-03-22T10:06:38Z,0,3.264705882352941,1.3529411764705883,19.61764705882353,1.5,1.0,0.0,92.70588235294117,6.0
linuxdeploy,5413,2012-08-21T04:49:14Z,2025-03-23T07:50:33Z,37,7.162162162162162,1.6486486486486487,35.891891891891895,5,2,3,72.78378378378379,29
logger,13849,2015-03-20T22:30:12Z,2025-03-22T20:01:36Z,16,5.833333333333333,1.1666666666666667,14.944444444444445,6.0,1.0,0.0,45.94444444444444,36.0
malmo,4136,2016-05-17T14:58:40Z,2025-03-16T09:33:45Z,21,7.0503597122302155,2.143884892086331,12.848920863309353,5.0,2.0,1.0,68.81294964028777,32.5
mapdb,4959,2012-08-17T15:28:54Z,2025-03-23T17:06:09Z,0,3.2395437262357416,2.0228136882129277,81.84790874524715,2,1,0,76.79847908745248,18
markor,4149,2017-08-26T00:08:35Z,2025-03-23T10:36:05Z,76,6.975155279503106,1.5093167701863355,131.1086956521739,4.0,1.0,1.0,87.90372670807453,27.0
marshalsec,3472,2017-05-22T11:43:57Z,2025-03-22T19:13:35Z,0,7.291666666666667,1.8194444444444444,14.583333333333334,6.0,1.0,1.0,30.75,15.5
material-calendarview,5921,2015-02-09T22:31:56Z,2025-03-16T17:16:31Z,22,6.454545454545454,1.5340909090909092,69.01136363636364,4.0,1.0,0.0,41.56818181818182,15.0
material-components-android,16624,2016-12-05T16:11:29Z,2025-03-23T14:34:08Z,102,0,0,0,0,0,0,0,0
material-theme-jetbrains,7804,2015-09-23T07:15:04Z,2025-03-22T04:40:33Z,17,4.330532212885154,2.2549019607843137,84.42296918767506,3,2,1,40.66386554621849,12
material,5997,2014-12-09T12:07:32Z,2025-03-22T03:59:37Z,10,6.511475409836065,1.6459016393442623,54.49508196721312,3,1,1,89.65901639344263,15
maxwell,4099,2015-02-09T22:06:13Z,2025-03-23T13:38:41Z,213,6.112540192926045,1.6237942122186495,32.048231511254016,4,1,0,56.861736334405144,27
microservices-platform,4639,2019-03-07T07:13:37Z,2025-03-23T07:25:50Z,30,0,0,0,0,0,0,0,0
midjourney-proxy,4981,2023-04-24T13:43:45Z,2025-03-22T16:56:05Z,0,5.9,1.2444444444444445,5.811111111111111,5.0,1.0,0.0,30.966666666666665,13.5
migration,3439,2020-01-08T02:11:38Z,2025-03-18T07:38:48Z,0,1.4166666666666667,1.0,0.08333333333333333,1.0,1.0,0.0,8.416666666666666,8.0
mini-spring,5906,2020-11-17T11:59:18Z,2025-03-23T02:49:48Z,0,3.4093959731543624,1.221476510067114,5.080536912751678,2,1,0,16.590604026845636,8
mit-deep-learning-book-pdf,13215,2017-04-07T10:46:50Z,2025-03-22T13:16:32Z,3,0.0,1.0,0.0,0,1,0,2.0,2
mlkit,3739,2020-05-28T21:40:38Z,2025-03-23T07:39:47Z,1,7.584269662921348,1.4943820224719102,7.51123595505618,5.0,1.0,0.0,51.87640449438202,25.0
mosby,5480,2015-03-25T00:59:19Z,2025-03-18T13:42:13Z,15,5.3503759398496245,1.5308270676691729,9.593984962406015,3,1,0,25.854135338345866,12
mpush,3768,2016-04-28T01:43:19Z,2025-03-21T09:18:38Z,9,4.6206030150753765,1.3366834170854272,24.565326633165828,3.0,1.0,1.0,37.768844221105525,16.5
my-site,3354,2018-05-03T09:05:37Z,2025-03-21T09:39:31Z,0,6.188888888888889,1.1888888888888889,34.78888888888889,3.0,1.0,0.0,38.58888888888889,11.0
mybatis-generator-gui,6699,2016-05-08T22:39:39Z,2025-03-21T14:10:06Z,16,7.17948717948718,1.4871794871794872,69.94871794871794,5,1,3,78.12820512820512,40
nanohttpd,7048,2012-08-10T21:52:42Z,2025-03-21T04:14:54Z,3,4.340277777777778,1.7916666666666667,22.15972222222222,3.0,1.0,1.0,49.34722222222222,21.0
netty-socketio,6914,2012-01-12T11:43:49Z,2025-03-19T14:03:37Z,19,4.964497041420119,1.2662721893491125,33.01775147928994,3,1,0,36.88165680473373,15
newbee-mall,11267,2019-09-21T03:56:04Z,2025-03-21T08:46:49Z,0,5.033707865168539,1.0674157303370786,34.91011235955056,2,1,4,44.21348314606742,29
objectbox-java,4480,2017-01-24T10:29:48Z,2025-03-20T05:18:42Z,46,5.119289340101523,1.7563451776649746,102.95939086294416,4.0,1.0,0.0,61.72081218274111,16.0
oblivion,4072,2024-02-08T05:50:09Z,2025-03-23T00:38:40Z,12,5.637931034482759,1.4827586206896552,11.620689655172415,4.0,1.0,0.5,45.53448275862069,14.5
okdownload,5216,2017-12-17T08:21:22Z,2025-03-23T13:50:18Z,8,6.443148688046647,1.2653061224489797,35.25947521865889,4,1,0,55.352769679300295,21
okhttp-OkGo,10611,2016-01-15T10:35:24Z,2025-03-22T01:18:46Z,14,5.60387811634349,1.6232686980609419,19.445983379501385,5,1,0,37.16897506925208,14
okhttputils,6870,2015-08-17T14:53:29Z,2025-03-18T06:44:14Z,0,3.7285714285714286,1.457142857142857,6.2,2.5,1.0,0.0,28.014285714285716,12.0
open-location-code,4169,2014-09-30T18:26:35Z,2025-03-22T11:09:41Z,5,4.925373134328358,1.1791044776119404,4.0,3,1,0,33.59701492537314,16
openai-java,4798,2020-09-15T02:58:52Z,2025-03-20T02:55:03Z,22,5.387878787878788,1.084848484848485,15.55151515151515,4,1,0,16.866666666666667,7
otto,5152,2012-06-27T19:06:49Z,2025-03-22T04:40:39Z,0,2.4352941176470586,1.388235294117647,3.552941176470588,1,1,0,23.376470588235293,8
packer-ng-plugin,4822,2015-11-24T04:08:08Z,2025-03-22T04:40:29Z,1,2.806451612903226,1.3870967741935485,18.64516129032258,2,1,1,57.29032258064516,29
parceler,3549,2013-07-03T02:53:01Z,2025-03-23T00:49:12Z,0,4.697727272727272,1.35,16.588636363636365,3.0,1.0,0.0,23.081818181818182,9.0
physical-web,5988,2014-09-30T18:32:14Z,2025-03-20T11:18:18Z,17,4.788461538461538,1.2884615384615385,26.71153846153846,3.0,1.0,0.0,47.955128205128204,14.5
pig,6197,2019-08-26T03:24:53Z,2025-03-23T13:08:43Z,19,7.0978260869565215,1.3070652173913044,5.331521739130435,5.0,1.0,0.0,20.80163043478261,13.0
piggymetrics,13426,2015-03-29T17:56:31Z,2025-03-23T15:38:38Z,2,6.040404040404041,1.0606060606060606,3.8282828282828283,5,1,0,19.0,11
poi-tl,4584,2015-03-20T06:47:52Z,2025-03-23T06:21:19Z,14,0,0,0,0,0,0,0,0
presto,16278,2012-08-09T01:03:37Z,2025-03-23T06:44:20Z,0,0,0,0,0,0,0,0,0
proxyee-down,24901,2017-10-25T10:07:27Z,2025-03-22T03:57:50Z,49,5.516666666666667,1.4666666666666666,19.516666666666666,4.0,1.0,2.0,56.53333333333333,36.5
quarkus,14242,2018-07-06T00:44:20Z,2025-03-23T08:00:19Z,370,0,0,0,0,0,0,0,0
rabbitmq-tutorials,6731,2010-09-21T11:41:26Z,2025-03-22T17:48:40Z,0,4.823529411764706,1.0,2.2941176470588234,5,1,1,29.0,21
react-native-camera,9649,2015-04-01T00:54:40Z,2025-03-21T15:24:08Z,144,4.27027027027027,1.2207207207207207,40.328828828828826,2.0,1.0,0.0,54.513513513513516,13.0
react-native-config,4876,2016-02-23T00:19:11Z,2025-03-20T13:21:24Z,26,4.478260869565218,1.3043478260869565,1.9565217391304348,4,1,1,18.608695652173914,12
react-native-image-picker,8528,2015-06-08T20:25:31Z,2025-03-23T06:38:34Z,141,6.181818181818182,1.5454545454545454,66.18181818181819,4,2,1,73.72727272727273,21
react-native-linear-gradient,4915,2015-03-31T17:44:40Z,2025-03-19T17:07:55Z,18,5.157894736842105,1.631578947368421,10.68421052631579,4,1,1,25.68421052631579,13
react-native-push-notification,6777,2015-12-14T19:53:36Z,2025-03-21T15:16:44Z,35,6.310344827586207,1.2413793103448276,15.482758620689655,4,1,0,64.96551724137932,21
react-native-share,3747,2015-09-30T02:27:34Z,2025-03-21T08:40:01Z,133,5.585365853658536,2.073170731707317,8.609756097560975,3,2,8,43.707317073170735,21
react-native-splash-screen,5640,2016-09-14T10:43:55Z,2025-03-21T15:16:48Z,12,3.4166666666666665,1.25,2.0,2.5,1.0,0.5,20.5,13.5
react-native-svg,7672,2016-01-17T14:29:21Z,2025-03-23T15:51:48Z,121,6.311188811188811,2.2587412587412588,77.25524475524476,4.0,1.0,1.0,53.85664335664335,20.0
react-native-webrtc,4763,2015-09-27T10:57:30Z,2025-03-23T12:00:55Z,80,6.08955223880597,1.1492537313432836,8.388059701492537,4,1,0,60.37313432835821,18
reactive-streams-jvm,4833,2014-02-28T13:16:15Z,2025-03-21T06:56:56Z,0,3.122004357298475,1.2766884531590414,20.335511982570807,3,1,0,34.287581699346404,13
rebound,5423,2013-10-11T01:12:37Z,2025-03-23T16:37:49Z,10,4.287356321839081,1.3218390804597702,34.93103448275862,2,1,0,47.06896551724138,13
reflections,4736,2013-04-16T16:19:26Z,2025-03-23T15:50:32Z,3,2.771573604060914,1.1522842639593909,13.65989847715736,1,1,0,24.274111675126903,8
rejoiner,3667,2017-12-06T19:09:53Z,2025-03-21T15:16:57Z,3,6.6183206106870225,1.5725190839694656,4.923664122137405,5,1,0,27.221374045801525,12
retrolambda,3539,2013-07-20T07:25:22Z,2025-03-15T01:43:50Z,0,2.408333333333333,1.4125,9.004166666666666,1.0,1.0,0.0,20.2,5.5
ribbon,4598,2013-01-15T01:08:04Z,2025-03-23T14:53:35Z,41,4.311267605633803,1.2661971830985916,13.377464788732395,2.0,1.0,0.0,30.687323943661973,10.0
richeditor-android,6290,2015-03-30T16:19:20Z,2025-03-23T02:37:27Z,0,2.4186046511627906,1.1395348837209303,46.95348837209303,2,1,0,18.697674418604652,5
rocketmq-externals,4591,2017-03-14T07:00:06Z,2025-03-23T10:18:55Z,0,5.749090909090909,1.250909090909091,16.45090909090909,4,1,0,42.89090909090909,25
rocketmq,21637,2016-11-30T08:00:08Z,2025-03-23T16:05:09Z,21,0,0,0,0,0,0,0,0
roncoo-pay,4880,2016-07-21T02:46:06Z,2025-03-21T14:46:54Z,0,4.945876288659794,1.2938144329896908,64.07731958762886,3.0,1.0,3.0,50.902061855670105,28.5
screw,3864,2020-06-21T11:37:06Z,2025-03-23T06:44:09Z,0,4.985294117647059,1.3529411764705883,5.242647058823529,3.0,1.0,0.0,28.977941176470587,19.0
scribejava,5452,2010-09-05T19:11:40Z,2025-03-08T14:20:57Z,9,4.178137651821863,1.4008097165991902,10.935222672064777,3.0,1.0,1.0,25.649797570850204,17.0
sensitive-word,4866,2020-01-07T03:10:44Z,2025-03-23T13:17:10Z,2,3.3333333333333335,1.2,20.851282051282052,3,1,0,18.887179487179488,10
shardingsphere-elasticjob,8173,2015-09-11T11:28:52Z,2025-03-23T14:52:25Z,30,5.373737373737374,1.1548821548821548,3.207070707070707,4.0,1.0,0.0,26.02861952861953,13.0
shimmer-android,5343,2015-02-27T22:25:22Z,2025-03-23T16:17:20Z,5,8.571428571428571,1.8571428571428572,18.0,9,2,10,126.42857142857143,126
shopping-management-system,4999,2015-11-16T12:53:21Z,2025-03-22T11:06:27Z,0,3.5670103092783507,1.3608247422680413,76.48453608247422,3,1,3,54.628865979381445,34
sndcpy,3348,2020-06-09T19:36:57Z,2025-03-19T20:16:46Z,2,7.75,2.0,20.25,4.5,2.0,0.0,53.5,20.0
socket.io-client-java,5368,2013-04-28T17:04:05Z,2025-03-23T12:24:43Z,7,1.9213973799126638,1.0960698689956332,4.253275109170306,1,1,0,24.624454148471617,7
source-code-hunter,22565,2019-10-28T01:35:10Z,2025-03-23T14:37:03Z,0,0,0,0,0,0,0,0,0
spark,9654,2011-05-05T11:52:05Z,2025-03-21T19:41:47Z,0,4.542986425339366,1.2986425339366516,47.11764705882353,3,1,0,43.38461538461539,20
spider-flow,9866,2020-03-27T11:07:15Z,2025-03-23T03:28:40Z,2,5.385093167701863,1.7329192546583851,20.32919254658385,4,1,1,54.33540372670807,29
spring-analysis,13608,2016-09-09T07:46:32Z,2025-03-23T04:23:38Z,0,2.4242424242424243,1.2424242424242424,1.7878787878787878,2,1,0,11.454545454545455,8
spring-boot-admin,12510,2014-07-25T11:39:13Z,2025-03-22T21:52:46Z,131,7.636170212765958,1.2553191489361701,7.163829787234042,6.0,1.0,0.0,29.604255319148937,17.0
spring-boot-api-project-seed,9628,2017-06-23T10:06:30Z,2025-03-23T08:34:53Z,4,5.0,1.2666666666666666,9.733333333333333,4,1,0,32.266666666666666,12
spring-boot-best-practice,4725,2018-11-09T06:23:18Z,2025-03-23T12:43:36Z,0,4.734104046242774,1.092485549132948,3.1445086705202314,4,1,0,11.121387283236995,8
spring-boot-demo,33514,2017-11-10T06:27:29Z,2025-03-23T12:03:16Z,0,5.051867219917012,1.1307053941908713,2.3215767634854774,4.0,1.0,0.0,14.860995850622407,7.0
spring-boot-examples,30408,2016-11-05T05:32:33Z,2025-03-23T13:09:13Z,0,4.6521739130434785,1.0267558528428093,4.468227424749164,4,1,0,13.705685618729097,7
spring-boot-projects,5526,2017-04-01T01:50:14Z,2025-03-23T16:27:31Z,0,4.327102803738318,1.074766355140187,9.074766355140186,3,1,1,24.39252336448598,20
spring-boot-starter,4186,2015-09-25T13:05:15Z,2025-03-21T16:52:35Z,31,4.52,1.2228571428571429,16.177142857142858,4,1,0,25.32,8
spring-cloud-examples,6216,2017-04-28T08:48:53Z,2025-03-23T04:23:24Z,0,3.8833333333333333,1.0166666666666666,0.4666666666666667,4.0,1.0,0.0,6.4,5.0
spring-cloud-netflix,4901,2014-07-11T15:46:12Z,2025-03-23T15:30:47Z,19,7.208333333333333,1.2159090909090908,85.81060606060606,6.0,1.0,0.0,32.321969696969695,11.0
spring-mvc-showcase,4982,2011-06-03T15:36:55Z,2025-03-23T01:04:16Z,0,5.172413793103448,1.206896551724138,9.448275862068966,5.0,1.0,0.0,22.086206896551722,18.0
spring-reading,9296,2023-09-15T06:42:44Z,2025-03-23T10:12:30Z,0,2.824561403508772,1.03859649122807,0.5403508771929825,3,1,0,10.550877192982457,8
springBoot,6631,2016-11-07T02:13:31Z,2025-03-23T12:54:23Z,0,5.140151515151516,1.1477272727272727,18.060606060606062,4.0,1.0,0.0,24.518939393939394,14.0
springboot-guide,5213,2018-11-28T01:05:07Z,2025-03-23T03:37:36Z,0,4.100719424460432,1.1798561151079137,1.3525179856115108,3,1,0,10.784172661870503,7
springboot-learning-example,16448,2017-02-06T07:02:25Z,2025-03-23T12:54:19Z,0,4.701754385964913,1.043859649122807,2.526315789473684,3.0,1.0,0.0,14.517543859649123,8.0
springcloud-learning,6648,2019-09-07T02:36:16Z,2025-03-23T15:52:49Z,0,4.821428571428571,1.0223214285714286,86.52232142857143,3.0,1.0,0.0,25.15625,6.0
springside4,5699,2012-02-23T08:39:03Z,2025-03-13T03:59:33Z,3,3.165079365079365,1.276190476190476,24.784126984126985,2,1,1,40.768253968253966,23
spruce-android,3720,2017-02-23T20:34:18Z,2025-02-23T10:19:46Z,3,4.860655737704918,1.3688524590163935,5.352459016393443,3.0,1.0,0.0,34.99180327868852,15.0
ssm,5951,2016-06-18T17:58:56Z,2025-03-21T11:20:15Z,0,3.473684210526316,1.6842105263157894,2.0526315789473686,2,1,1,19.42105263157895,16
stetho,12694,2015-01-22T22:34:10Z,2025-03-23T15:07:52Z,13,4.379251700680272,1.4234693877551021,7.496598639455782,3.0,1.0,0.0,32.72278911564626,10.0
sticky-headers-recyclerview,3745,2014-10-03T01:57:46Z,2025-03-22T08:03:03Z,0,4.620689655172414,1.2758620689655173,3.2413793103448274,2,1,0,27.862068965517242,8
subsampling-scale-image-view,7940,2013-08-26T16:45:25Z,2025-03-22T07:48:33Z,21,5.625,1.5833333333333333,79.72222222222223,3.5,1.0,0.0,59.19444444444444,14.5
sweet-alert-dialog,7258,2014-10-19T09:24:09Z,2025-03-23T16:51:17Z,2,4.375,1.25,31.0625,1.5,1.0,0.0,58.9375,23.0
syncthing-android,3795,2014-02-22T17:15:19Z,2025-03-23T15:00:20Z,332,6.514084507042254,1.6901408450704225,9.049295774647888,2.5,1.0,0.0,59.32394366197183,13.5
tcc-transaction,5786,2015-12-05T04:27:53Z,2025-03-23T14:55:18Z,8,4.180722891566265,1.2650602409638554,10.80722891566265,3,1,0,31.867469879518072,15
tech-interview-for-developer,15539,2019-06-09T04:42:57Z,2025-03-23T13:53:24Z,0,1.3076923076923077,1.0,0.9230769230769231,1,1,0,46.84615384615385,41
tech-weekly,3956,2018-12-03T03:10:52Z,2025-03-14T18:21:52Z,0,2.1343283582089554,1.0298507462686568,2.298507462686567,1,1,0,14.865671641791044,9
testing-samples,9244,2014-10-11T03:51:27Z,2025-03-23T16:26:22Z,0,5.5,1.3488372093023255,3.1511627906976742,5.5,1.0,0.0,21.5,19.0
thumbnailator,5239,2015-07-25T05:38:33Z,2025-03-22T09:57:07Z,0,4.062780269058296,1.2376681614349776,93.55156950672645,2,1,0,87.7085201793722,24
ticker,4386,2016-07-15T21:37:52Z,2025-03-17T13:42:44Z,9,4.612903225806452,1.3225806451612903,27.612903225806452,4,1,0,51.0,27
tiny-spring,4071,2014-01-10T16:37:57Z,2025-03-21T06:17:01Z,0,3.0849056603773586,1.150943396226415,2.3679245283018866,2.0,1.0,0.0,14.556603773584905,11.0
toBeTopJavaer,25420,2018-10-25T09:54:54Z,2025-03-23T00:56:09Z,0,0,0,0,0,0,0,0,0
transmittable-thread-local,7885,2013-10-13T08:48:33Z,2025-03-23T15:45:25Z,58,5.587096774193548,1.4322580645161291,12.35483870967742,5,1,1,44.72258064516129,23
tsunami-security-scanner,8360,2020-06-03T16:20:00Z,2025-03-22T21:49:40Z,25,6.191637630662021,1.543554006968641,14.526132404181185,5,1,0,29.35191637630662,13
twoway-view,5230,2013-01-18T20:55:23Z,2025-03-13T09:48:54Z,0,6.078431372549019,1.8235294117647058,86.58823529411765,4,1,1,72.31372549019608,30
u2020,5671,2013-11-14T11:58:23Z,2025-03-23T15:04:43Z,0,6.2164179104477615,1.4253731343283582,23.619402985074625,4.0,1.0,0.5,35.865671641791046,13.0
uCrop,11960,2016-01-05T13:41:06Z,2025-03-23T15:06:44Z,18,6.285714285714286,1.3636363636363635,28.454545454545453,3,1,1,60.298701298701296,13
uid-generator,5509,2017-03-27T04:03:43Z,2025-03-21T03:00:06Z,0,2.88,1.28,11.72,1,1,1,34.92,24
uncle-novel,3319,2018-12-11T12:15:30Z,2025-03-23T09:19:23Z,1,7.289962825278811,1.657992565055762,10.41635687732342,5,1,0,63.1635687732342,26
usb-serial-for-android,5081,2013-06-30T23:17:45Z,2025-03-23T03:49:32Z,33,6.196969696969697,1.3181818181818181,38.96969696969697,4.0,1.0,1.0,123.8030303030303,24.0
useful-java-links,5965,2016-02-13T13:14:52Z,2025-03-22T16:42:11Z,0,2.3041825095057034,1.0228136882129277,1.832699619771863,2,1,0,22.688212927756656,15
vertx-examples,3560,2015-02-24T17:42:44Z,2025-03-20T01:08:16Z,0,4.229845626072041,1.5403087478559176,1.3053173241852487,4,2,1,20.962264150943398,15
vhr,27668,2018-01-04T08:57:51Z,2025-03-23T13:03:59Z,0,4.4361702127659575,1.0212765957446808,48.329787234042556,2.0,1.0,6.0,31.606382978723403,20.0
views-widgets-samples,5112,2019-09-06T21:39:12Z,2025-03-23T13:56:59Z,0,4.032894736842105,1.730263157894737,7.0131578947368425,2.0,1.0,0.0,48.31578947368421,17.0
vjtools,7649,2018-05-29T09:07:08Z,2025-03-23T14:55:00Z,9,3.134564643799472,1.2770448548812665,26.30079155672823,2,1,1,48.50131926121372,26
vlayout,10790,2017-02-27T08:11:47Z,2025-03-21T06:23:28Z,34,5.314465408805032,1.8553459119496856,72.54088050314465,3,1,0,88.31446540880503,13
volley,3388,2017-01-24T17:39:33Z,2025-03-19T06:25:25Z,9,5.190476190476191,1.696969696969697,12.285714285714286,2,1,0,40.23809523809524,13
walle,6814,2017-01-10T03:39:25Z,2025-03-22T18:56:27Z,1,3.148936170212766,1.1914893617021276,8.691489361702128,2.0,1.0,0.5,49.287234042553195,21.0
webmagic,11524,2013-04-23T12:57:36Z,2025-03-23T15:42:30Z,33,4.534883720930233,1.183139534883721,11.465116279069768,4.0,1.0,1.0,25.563953488372093,15.0
wgcloud,4867,2019-01-15T02:02:21Z,2025-03-23T13:25:10Z,27,6.0423728813559325,1.194915254237288,34.54237288135593,3.0,1.0,9.5,51.73728813559322,37.5
xUtils3,5980,2015-10-28T10:56:04Z,2025-03-21T03:49:19Z,9,5.224770642201835,1.408256880733945,27.44954128440367,3.0,1.0,2.0,57.61926605504587,23.0
xboot,3862,2018-04-23T14:44:18Z,2025-03-22T01:05:35Z,6,7.392550143266476,1.2091690544412608,2.656160458452722,6,1,0,29.412607449856733,11
xmall,7203,2017-07-28T01:49:49Z,2025-03-22T15:36:32Z,0,4.234177215189874,1.1613924050632911,587.8291139240506,3.0,1.0,13.0,141.8132911392405,42.5
xpay,4939,2017-12-12T16:11:19Z,2025-03-23T05:21:25Z,0,6.428571428571429,1.0,93.42857142857143,5,1,1,69.0,37
ysoserial,8044,2015-01-28T07:13:55Z,2025-03-23T10:06:40Z,1,5.458333333333333,1.3416666666666666,8.891666666666667,3.0,1.0,1.0,32.09166666666667,19.0
zfile,9935,2019-08-19T13:57:56Z,2025-03-23T14:16:05Z,61,6.95970695970696,1.5677655677655677,5.091575091575091,4,1,0,25.05128205128205,10
zotfile,4149,2011-12-30T14:47:42Z,2025-03-22T15:30:32Z,33,0,0,0,0,0,0,0,0
zxing-android-embedded,5827,2012-11-28T16:36:39Z,2025-03-23T14:36:10Z,9,5.4375,1.3645833333333333,21.916666666666668,4.0,1.0,1.0,53.84375,27.0
