name,stargazerCount,owner,createdAt,updatedAt,language,openPullRequests,mergedPullRequests,releases,openIssues,closedIssues
freeCodeCamp,410252,freeCodeCamp,2014-12-24T17:49:19Z,2025-02-20T22:38:48Z,JavaScript,66,24364,0,168,18755
free-programming-books,350793,EbookFoundation,2013-10-11T06:50:37Z,2025-02-20T22:37:19Z,HTML,55,6787,0,29,1131
awesome,347933,sindresorhus,2014-07-11T13:42:37Z,2025-02-20T22:38:05Z,Unknown,40,661,0,12,335
build-your-own-x,337556,codecrafters-io,2018-05-09T12:03:18Z,2025-02-20T22:42:07Z,Markdown,162,140,0,190,538
public-apis,328011,public-apis,2016-03-20T23:49:42Z,2025-02-20T22:41:30Z,Shell,406,1872,0,48,603
coding-interview-university,312128,jwasham,2016-06-06T02:34:12Z,2025-02-20T22:11:52Z,Unknown,8,415,0,52,458
developer-roadmap,308766,kamranahmedse,2017-03-15T13:45:52Z,2025-02-20T22:12:42Z,TypeScript,7,3338,1,135,2528
system-design-primer,289729,donnemartin,2017-02-26T16:15:28Z,2025-02-20T22:43:21Z,Python,246,199,0,232,87
996.ICU,270281,996icu,2019-03-26T07:31:14Z,2025-02-20T20:49:32Z,Unknown,4,1068,0,0,0
awesome-python,234654,vinta,2014-06-27T21:00:06Z,2025-02-20T22:33:19Z,Python,428,543,0,0,0
react,232463,facebook,2013-05-24T16:15:54Z,2025-02-20T21:38:33Z,JavaScript,184,11359,103,776,12747
project-based-learning,218296,practical-tutorials,2017-04-12T05:07:46Z,2025-02-20T22:43:20Z,Unknown,91,182,0,112,78
awesome-selfhosted,217355,awesome-selfhosted,2015-06-01T02:33:17Z,2025-02-20T22:42:03Z,Unknown,0,2393,1,0,803
vue,208394,vuejs,2013-07-29T03:24:51Z,2025-02-20T21:45:58Z,JavaScript,247,1136,249,354,9664
Python,197472,TheAlgorithms,2016-07-16T09:44:01Z,2025-02-20T22:35:12Z,Python,289,2912,0,64,1492
javascript-algorithms,190170,trekhleb,2018-03-24T07:47:04Z,2025-02-20T22:00:41Z,JavaScript,228,302,0,129,227
tensorflow,188126,tensorflow,2015-11-07T01:19:20Z,2025-02-20T22:39:36Z,Python,6313,29190,213,812,39437
linux,188102,torvalds,2011-09-04T22:48:12Z,2025-02-20T22:17:12Z,Makefile,444,10,0,0,0
You-Dont-Know-JS,181067,getify,2013-11-16T02:37:24Z,2025-02-20T21:56:18Z,Unknown,45,367,0,81,855
CS-Notes,178945,CyC2018,2018-02-13T14:56:24Z,2025-02-20T16:48:28Z,Unknown,65,374,0,148,448
ohmyzsh,176205,ohmyzsh,2009-08-28T18:15:37Z,2025-02-20T22:08:53Z,Shell,339,3289,0,132,4760
computer-science,175497,ossu,2014-05-04T00:18:39Z,2025-02-20T22:43:16Z,Unknown,2,281,0,14,628
AutoGPT,171698,Significant-Gravitas,2023-03-16T09:21:07Z,2025-02-20T22:38:08Z,Python,37,2585,42,168,2973
bootstrap,171440,twbs,2011-07-29T21:19:00Z,2025-02-20T21:43:14Z,JavaScript,179,8844,89,499,22118
flutter,168750,flutter,2015-03-06T22:54:58Z,2025-02-20T21:38:49Z,Dart,226,40894,7,13170,90317
vscode,167573,microsoft,2015-09-03T20:23:38Z,2025-02-20T22:40:03Z,JavaScript,500,31270,156,8647,181997
gitignore,164511,github,2010-11-08T20:17:14Z,2025-02-20T22:35:38Z,Unknown,490,1574,0,0,0
Python-100-Days,161024,jackfrued,2018-03-01T16:05:52Z,2025-02-20T18:02:27Z,Python,153,13,0,546,114
the-book-of-secret-knowledge,158614,trimstray,2018-06-23T10:43:14Z,2025-02-20T22:42:26Z,Unknown,81,122,0,0,0
the-art-of-command-line,154771,jlevy,2015-05-20T15:11:03Z,2025-02-20T22:30:27Z,Unknown,129,317,0,118,136
JavaGuide,148205,Snailclimb,2018-05-07T13:27:00Z,2025-02-20T16:33:49Z,Java,0,1135,0,64,1008
stable-diffusion-webui,148102,AUTOMATIC1111,2022-08-22T14:05:26Z,2025-02-20T22:28:55Z,Python,58,1871,27,2300,5446
javascript,146148,airbnb,2012-11-01T23:13:50Z,2025-02-20T22:03:35Z,JavaScript,72,811,0,95,1252
transformers,139824,huggingface,2018-10-29T13:56:00Z,2025-02-20T22:05:40Z,Python,541,14611,179,989,15695
awesome-go,138470,avelino,2014-07-06T13:42:15Z,2025-02-20T22:38:10Z,Go,108,3395,0,5,665
youtube-dl,134296,ytdl-org,2010-10-31T14:35:07Z,2025-02-20T22:29:04Z,Makefile,498,1639,341,3690,22998
next.js,129531,vercel,2016-10-05T23:32:51Z,2025-02-20T22:29:27Z,JavaScript,663,20886,1000,2696,19702
ollama,128075,ollama,2023-06-26T19:39:32Z,2025-02-20T22:29:09Z,TypeScript,204,2001,115,1353,4690
fucking-algorithm,126878,labuladong,2020-02-19T09:01:23Z,2025-02-20T19:28:57Z,Markdown,40,238,1,4,877
go,125969,golang,2014-08-19T04:33:40Z,2025-02-20T22:41:02Z,Shell,338,1,0,9156,56383
30-seconds-of-code,122714,Chalarangelo,2017-11-29T17:35:03Z,2025-02-20T22:01:40Z,JavaScript,0,821,11,0,296
tech-interview-handbook,121957,yangshun,2016-07-05T05:00:48Z,2025-02-20T22:26:49Z,HTML,12,466,0,37,70
awesome-chatgpt-prompts,120668,f,2022-12-05T13:54:13Z,2025-02-20T22:29:26Z,HTML,262,158,0,0,0
react-native,120659,facebook,2015-01-09T18:10:16Z,2025-02-20T22:26:39Z,Objective-C,313,886,375,597,26057
Microsoft-Activation-Scripts,119968,massgravel,2020-01-12T23:03:34Z,2025-02-20T22:37:58Z,Batchfile,0,6,19,1,570
scrcpy,117860,Genymobile,2017-11-21T18:00:27Z,2025-02-20T21:59:40Z,Meson,54,109,44,2206,3016
electron,115538,electron,2013-04-12T01:47:36Z,2025-02-20T22:05:53Z,C++,107,21533,1000,863,19682
PowerToys,114955,microsoft,2019-05-01T17:44:02Z,2025-02-20T22:24:55Z,Batchfile,64,5078,109,5806,25742
kubernetes,113217,kubernetes,2014-06-06T22:56:04Z,2025-02-20T21:46:42Z,Python,695,60718,722,1883,44787
free-programming-books-zh_CN,112673,justjavac,2013-11-04T01:59:19Z,2025-02-20T18:37:50Z,Unknown,30,282,3,0,0
d3,109847,d3,2010-09-27T17:22:42Z,2025-02-20T21:00:44Z,JavaScript,12,491,194,9,2215
node,109746,nodejs,2014-11-26T19:57:11Z,2025-02-20T22:11:59Z,JavaScript,514,9754,429,1627,17159
hello-algo,109173,krahets,2022-11-04T11:08:34Z,2025-02-20T20:24:02Z,Java,19,900,9,18,235
axios,106354,axios,2014-08-18T22:30:27Z,2025-02-20T17:22:59Z,JavaScript,102,935,87,561,4196
three.js,104421,mrdoob,2010-03-23T18:58:01Z,2025-02-20T21:53:41Z,JavaScript,128,13701,165,421,12421
create-react-app,103104,facebook,2016-07-17T14:55:11Z,2025-02-20T22:28:00Z,JavaScript,485,1949,83,1813,6558
TypeScript,102279,microsoft,2014-06-17T15:28:39Z,2025-02-20T22:02:09Z,JavaScript,533,14544,206,5520,36182
nodebestpractices,101828,goldbergyoni,2017-09-15T08:33:19Z,2025-02-20T22:26:10Z,Dockerfile,37,765,0,41,284
deno,101820,denoland,2018-05-15T01:34:26Z,2025-02-20T22:39:57Z,TypeScript,135,12363,311,2039,10052
rust,101391,rust-lang,2010-06-16T20:39:03Z,2025-02-20T22:25:34Z,Makefile,708,61287,135,9982,46650
yt-dlp,101065,yt-dlp,2020-10-26T04:22:55Z,2025-02-20T22:06:01Z,Makefile,312,2516,104,1500,7199
langchain,101051,langchain-ai,2022-10-17T02:58:36Z,2025-02-20T21:05:17Z,Python,57,13200,806,344,7864
HelloGitHub,98686,521xueweihan,2016-05-04T06:24:11Z,2025-02-20T21:54:50Z,Python,2,17,51,192,2559
terminal,97094,microsoft,2017-08-11T18:38:22Z,2025-02-20T21:30:55Z,C#,52,4025,128,1597,11507
angular,96988,angular,2014-09-18T16:12:01Z,2025-02-20T22:22:08Z,JavaScript,246,3698,407,1515,27240
material-ui,94823,mui,2014-08-18T19:11:54Z,2025-02-20T21:52:39Z,JavaScript,161,19889,521,1674,18153
godot,94130,godotengine,2014-01-04T16:05:36Z,2025-02-20T21:31:08Z,C++,3334,36267,58,11337,43759
ant-design,93754,ant-design,2015-04-24T15:37:24Z,2025-02-20T22:38:40Z,HTML,68,14987,690,1206,29705
excalidraw,92757,excalidraw,2020-01-02T01:04:43Z,2025-02-20T22:30:59Z,HTML,384,3558,13,1663,2195
clean-code-javascript,92491,ryanmcdermott,2016-11-25T22:25:41Z,2025-02-20T22:26:13Z,JavaScript,36,149,0,71,163
free-for-dev,92363,ripienaar,2015-03-18T21:06:26Z,2025-02-20T21:41:45Z,HTML,1,2646,0,0,0
papers-we-love,90978,papers-we-love,2013-12-15T14:31:41Z,2025-02-20T21:54:53Z,Shell,1,434,0,0,243
java-design-patterns,90783,iluwatar,2014-08-09T16:45:18Z,2025-02-20T20:25:43Z,Java,29,1456,0,126,816
frp,90648,fatedier,2015-12-21T15:24:59Z,2025-02-20T22:14:33Z,Makefile,2,654,101,56,3645
iptv,90366,iptv-org,2018-11-14T22:00:57Z,2025-02-20T22:38:41Z,JavaScript,5,6491,0,97,9767
thefuck,90126,nvbn,2015-04-08T15:08:04Z,2025-02-20T22:28:16Z,Python,97,481,17,274,471
puppeteer,89776,puppeteer,2017-05-09T22:16:13Z,2025-02-20T21:36:21Z,JavaScript,15,5143,494,255,6818
tauri,89635,tauri-apps,2019-07-13T09:09:37Z,2025-02-20T22:40:53Z,Rust,57,4800,1000,948,4251
Awesome-Hacking,89099,Hack-with-Github,2016-03-30T15:47:10Z,2025-02-20T22:31:57Z,Unknown,2,34,0,0,0
vue-element-admin,88720,PanJiaChen,2017-04-17T03:35:49Z,2025-02-20T20:57:22Z,JavaScript,113,311,49,1240,2357
pytorch,87057,pytorch,2016-08-13T05:26:41Z,2025-02-20T22:15:44Z,CMake,1116,6000,58,14526,34457
DeepSeek-V3,86790,deepseek-ai,2024-12-26T09:52:40Z,2025-02-20T22:39:27Z,Python,24,17,0,103,292
neovim,86346,neovim,2014-01-31T13:39:22Z,2025-02-20T22:04:34Z,Shell,310,14603,41,1553,10769
every-programmer-should-know,86218,mtdvio,2017-08-24T13:18:26Z,2025-02-20T20:35:14Z,Unknown,25,99,0,29,22
storybook,85889,storybookjs,2016-03-18T04:23:44Z,2025-02-20T22:39:22Z,JavaScript,139,10745,1000,2039,11119
tailwindcss,85804,tailwindlabs,2017-10-06T14:59:14Z,2025-02-20T21:56:39Z,JavaScript,23,2739,267,80,3882
Web-Dev-For-Beginners,85095,microsoft,2020-11-10T02:44:00Z,2025-02-20T22:16:32Z,JavaScript,65,497,0,55,240
rustdesk,82453,rustdesk,2020-09-28T15:36:08Z,2025-02-20T21:33:43Z,Rust,7,3328,27,49,3247
django,82399,django,2012-04-28T02:47:18Z,2025-02-20T22:01:48Z,Python,294,9535,0,0,0
nvm,82354,nvm-sh,2010-04-15T17:47:47Z,2025-02-20T22:14:52Z,Makefile,38,725,68,300,1954
app-ideas,82222,florinpop17,2019-02-25T18:36:56Z,2025-02-20T22:42:10Z,Unknown,356,149,0,126,43
bitcoin,82093,bitcoin,2010-12-19T15:16:43Z,2025-02-20T22:43:53Z,Shell,273,14923,54,387,8016
svelte,81466,sveltejs,2016-11-20T18:13:05Z,2025-02-20T21:48:03Z,JavaScript,53,5470,393,766,7197
animate.css,81331,animate-css,2011-10-12T10:07:38Z,2025-02-20T21:47:00Z,CSS,21,315,22,32,841
ui,81281,shadcn-ui,2023-01-04T12:43:27Z,2025-02-20T22:35:21Z,Shell,879,474,37,781,2006
realworld,81218,gothinkster,2016-02-26T20:49:53Z,2025-02-20T22:14:10Z,Shell,24,433,0,44,495
fastapi,81141,fastapi,2018-12-08T08:21:47Z,2025-02-20T22:01:08Z,Python,260,2554,200,52,3411
NextChat,81061,ChatGPTNextWeb,2023-03-10T18:27:54Z,2025-02-20T18:48:31Z,TypeScript,81,869,76,562,2820
opencv,80670,opencv,2012-07-19T09:40:17Z,2025-02-20T22:20:00Z,CMake,145,12721,65,2564,8436
gin,80397,gin-gonic,2014-06-16T23:57:25Z,2025-02-20T22:14:33Z,Go,202,1046,26,641,1647
awesome-mac,79767,jaywcjlove,2016-07-17T15:33:47Z,2025-02-20T22:42:00Z,JavaScript,39,946,10,110,342
laravel,79677,laravel,2011-06-08T03:06:08Z,2025-02-20T22:01:02Z,PHP,0,1607,182,0,0
mall,79138,macrozheng,2018-04-04T01:11:44Z,2025-02-20T16:13:47Z,Java,3,1,3,17,481
DeepSeek-R1,78964,deepseek-ai,2025-01-20T11:57:28Z,2025-02-20T22:07:39Z,Unknown,38,7,0,232,155
FiraCode,78192,tonsky,2014-11-11T19:32:38Z,2025-02-20T21:14:24Z,Clojure,5,136,29,400,943
hugo,78159,gohugoio,2013-07-04T15:26:26Z,2025-02-20T21:46:54Z,Go,33,2781,315,446,7137
supabase,77732,supabase,2019-10-12T05:56:49Z,2025-02-20T22:08:33Z,JavaScript,323,11154,19,320,3852
models,77391,tensorflow,2016-02-05T01:15:20Z,2025-02-20T14:27:42Z,Python,180,2337,48,1065,6229
advanced-java,77045,doocs,2018-10-06T11:38:30Z,2025-02-20T21:51:10Z,Java,0,86,1,5,142
open-webui,76970,open-webui,2023-10-06T22:08:27Z,2025-02-20T22:44:11Z,JavaScript,22,1705,92,147,3864
whisper,76655,openai,2022-09-16T20:02:54Z,2025-02-20T22:36:23Z,Python,94,110,12,0,0
core,76650,home-assistant,2013-09-17T07:29:48Z,2025-02-20T22:29:10Z,Python,508,69734,1000,2901,54442
bun,76327,oven-sh,2021-04-14T00:48:17Z,2025-02-20T22:31:43Z,Zig,395,4687,178,3977,6677
spring-boot,76212,spring-projects,2012-10-19T15:02:57Z,2025-02-20T19:17:32Z,Java,22,42,300,533,36576
mermaid,75927,mermaid-js,2014-11-01T23:52:32Z,2025-02-20T22:42:33Z,JavaScript,120,2260,142,1124,2007
LeetCodeAnimation,75706,MisterBooo,2018-12-06T08:01:22Z,2025-02-20T22:16:09Z,Java,2,63,0,19,42
v2rayN,75294,2dust,2019-07-30T03:47:24Z,2025-02-20T17:02:31Z,C#,0,196,233,15,5340
manim,75129,3b1b,2015-03-22T18:50:58Z,2025-02-20T21:42:45Z,Python,12,624,13,437,751
llama.cpp,74849,ggml-org,2023-03-10T18:58:00Z,2025-02-20T21:39:32Z,Makefile,380,4094,1000,347,4186
Font-Awesome,74673,FortAwesome,2012-02-17T14:19:43Z,2025-02-20T22:31:13Z,CSS,24,209,59,4096,15480
json-server,73666,typicode,2013-11-27T13:21:13Z,2025-02-20T22:06:28Z,HTML,94,121,38,615,546
netdata,73546,netdata,2013-06-17T18:39:10Z,2025-02-20T22:28:41Z,Shell,56,9978,107,146,7873
awesome-interview-questions,73282,DopplerHQ,2015-11-28T09:48:17Z,2025-02-20T21:55:07Z,Unknown,23,176,0,27,35
awesome-vue,72584,vuejs,2015-10-20T00:16:14Z,2025-02-20T22:16:37Z,Unknown,15,3544,0,34,189
gpt4all,72545,nomic-ai,2023-03-27T18:49:32Z,2025-02-20T18:16:57Z,Python,28,931,37,646,1475
awesome-for-beginners,71767,MunGell,2015-10-24T19:53:36Z,2025-02-20T22:42:10Z,Unknown,4,431,0,5,166
elasticsearch,71680,elastic,2010-02-08T13:20:56Z,2025-02-20T22:06:35Z,Shell,837,73482,171,3990,34326
github-readme-stats,71549,anuraghazra,2020-07-09T10:34:22Z,2025-02-20T22:32:11Z,JavaScript,202,1219,0,176,1095
ML-For-Beginners,71163,microsoft,2021-03-03T01:34:05Z,2025-02-20T22:16:44Z,Jupyter Notebook,1,371,0,3,136
generative-ai-for-beginners,71103,microsoft,2023-06-19T16:28:59Z,2025-02-20T22:15:31Z,JavaScript,3,315,0,4,135
funNLP,71082,fighting41love,2018-08-21T11:20:39Z,2025-02-20T18:49:10Z,Python,4,14,0,30,47
vite,70808,vitejs,2020-04-21T05:03:57Z,2025-02-20T21:42:19Z,JavaScript,127,5105,522,443,7294
dify,70104,langgenius,2023-04-12T07:40:24Z,2025-02-20T22:05:58Z,Python,104,4999,119,378,6236
code-server,69908,coder,2019-02-27T16:50:41Z,2025-02-20T19:57:15Z,TypeScript,3,1517,174,130,3471
stable-diffusion,69645,CompVis,2022-08-10T14:36:44Z,2025-02-20T22:04:11Z,Python,73,5,0,526,194
Front-End-Checklist,69589,thedaviddias,2017-10-16T10:12:36Z,2025-02-20T14:32:10Z,Unknown,1,179,1,0,148
nest,69520,nestjs,2017-02-04T20:12:52Z,2025-02-20T20:14:09Z,TypeScript,18,6809,112,31,5500
playwright,69515,microsoft,2019-11-15T18:32:42Z,2025-02-20T22:05:35Z,JavaScript,13,14044,141,727,14604
moby,69208,moby,2013-01-18T18:10:57Z,2025-02-20T22:36:14Z,Go,405,20730,212,3124,19705
HowToCook,69147,Anduin2017,2020-02-29T10:43:49Z,2025-02-20T21:04:18Z,Dockerfile,20,518,3,377,300
flask,68857,pallets,2010-04-06T11:11:59Z,2025-02-20T21:23:38Z,Python,7,1590,35,2,2665
node,68564,base,2023-02-01T13:55:02Z,2025-02-20T21:22:59Z,Dockerfile,2,141,43,49,158
system-design-101,68518,ByteByteGoHq,2023-09-18T20:52:03Z,2025-02-20T20:54:22Z,Unknown,9,21,0,35,15
screenshot-to-code,68458,abi,2023-11-14T17:53:32Z,2025-02-20T21:04:44Z,JavaScript,21,45,0,91,274
reveal.js,68382,hakimel,2011-06-07T18:54:22Z,2025-02-20T16:15:50Z,JavaScript,93,405,47,754,1677
hoppscotch,68331,hoppscotch,2019-08-21T13:15:24Z,2025-02-20T21:33:05Z,JavaScript,49,1660,64,506,1284
cs-video-courses,68157,Developer-Y,2016-10-21T17:02:11Z,2025-02-20T21:15:29Z,Unknown,1,163,0,2,143
swift,68140,swiftlang,2015-10-23T21:15:07Z,2025-02-20T22:01:32Z,Emacs Lisp,1028,52304,57,7002,9065
fzf,68091,junegunn,2013-10-23T16:04:23Z,2025-02-20T21:22:35Z,Makefile,58,562,59,240,2641
redis,68048,redis,2009-03-21T22:32:25Z,2025-02-20T22:28:19Z,Makefile,470,3946,78,2079,4546
devops-exercises,67919,bregman-arie,2019-10-03T17:31:21Z,2025-02-20T20:46:19Z,Shell,10,282,0,32,60
ComfyUI,67898,comfyanonymous,2023-01-17T03:15:56Z,2025-02-20T22:36:29Z,Python,101,658,36,1941,2649
syncthing,67764,syncthing,2013-11-26T09:48:21Z,2025-02-20T22:42:47Z,Go,32,2608,396,370,5217
gpt_academic,67604,binary-husky,2023-03-20T09:05:13Z,2025-02-20T16:19:34Z,Python,20,221,32,236,1464
awesome-machine-learning,67000,josephmisiti,2014-07-15T19:11:19Z,2025-02-20T19:21:46Z,Python,1,849,0,0,91
awesome-react,66877,enaqx,2014-08-06T05:31:44Z,2025-02-20T22:42:09Z,Unknown,12,779,0,1,107
protobuf,66653,protocolbuffers,2014-08-26T15:52:15Z,2025-02-20T22:16:41Z,Makefile,66,6799,180,205,6227
grafana,66567,grafana,2013-12-11T15:59:56Z,2025-02-20T21:42:07Z,Shell,326,51038,495,3881,35079
express,66340,expressjs,2009-06-26T18:56:01Z,2025-02-20T21:21:56Z,Makefile,75,410,159,102,3831
Best-websites-a-programmer-should-visit,66038,sdmg15,2017-03-05T20:25:17Z,2025-02-20T21:17:02Z,Unknown,863,428,0,69,101
d2l-zh,65934,d2l-ai,2017-08-23T04:40:24Z,2025-02-20T21:09:05Z,Python,103,1019,16,0,0
cpython,65383,python,2017-02-10T19:23:51Z,2025-02-20T22:43:37Z,Makefile,1808,48387,0,7209,63912
Chart.js,65358,chartjs,2013-03-17T23:56:36Z,2025-02-20T16:48:32Z,JavaScript,23,2983,114,441,6788
strapi,65131,strapi,2015-09-30T15:34:48Z,2025-02-20T22:16:04Z,JavaScript,101,8749,443,883,9592
webpack,65045,webpack,2012-03-10T10:08:14Z,2025-02-20T22:06:49Z,JavaScript,110,4843,421,135,9865
Ventoy,64925,ventoy,2020-03-10T15:19:19Z,2025-02-20T22:13:36Z,C,66,280,100,803,1572
tesseract,64715,tesseract-ocr,2014-08-12T18:04:59Z,2025-02-20T22:35:19Z,C++,27,1402,33,408,2272
uptime-kuma,64677,louislam,2021-07-03T01:02:42Z,2025-02-20T22:44:27Z,HTML,104,1218,109,712,3173
33-js-concepts,64674,leonardomso,2018-09-04T13:27:04Z,2025-02-20T22:31:28Z,JavaScript,62,250,0,21,81
superset,64566,apache,2015-07-21T18:55:34Z,2025-02-20T22:43:16Z,Python,354,13876,219,762,10340
ansible,64093,ansible,2012-03-06T14:58:02Z,2025-02-20T21:40:46Z,Python,303,38718,131,541,32187
interviews,63931,kdn251,2017-02-14T18:19:25Z,2025-02-20T20:18:41Z,Java,81,42,0,30,23
gpt4free,63623,xtekky,2023-03-29T17:00:43Z,2025-02-20T20:22:35Z,Python,1,722,245,59,1540
javascript-questions,63418,lydiahallie,2019-06-12T08:26:27Z,2025-02-20T22:00:37Z,Unknown,26,328,0,12,233
PayloadsAllTheThings,63298,swisskyrepo,2016-10-18T07:29:07Z,2025-02-20T21:29:36Z,PHP,4,539,4,0,0
imgui,63295,ocornut,2014-07-21T14:29:47Z,2025-02-20T21:34:57Z,C,150,382,108,946,5262
the-algorithm,62934,twitter,2023-03-27T14:57:57Z,2025-02-20T19:44:08Z,Starlark,187,2,0,265,723
keras,62585,keras-team,2015-03-28T00:35:42Z,2025-02-20T22:04:37Z,Python,35,3927,73,221,12130
sherlock,62543,sherlock-project,2018-12-24T14:30:48Z,2025-02-20T22:11:31Z,Python,121,639,1,73,945
sway,62455,FuelLabs,2021-01-19T20:54:33Z,2025-02-20T16:26:37Z,Rust,28,3280,162,833,2350
obs-studio,62347,obsproject,2013-10-01T02:40:31Z,2025-02-20T22:03:12Z,CMake,293,4991,214,573,3747
resume.github.com,62252,resume,2011-02-06T13:39:55Z,2025-02-20T19:49:51Z,Ruby,12,84,0,55,64
awesome-public-datasets,62076,awesomedata,2014-11-20T06:20:50Z,2025-02-20T22:14:53Z,Unknown,61,188,1,70,48
tabby,62000,Eugeny,2016-12-23T09:06:10Z,2025-02-20T18:26:31Z,CSS,64,1474,195,2115,3298
openai-cookbook,61939,openai,2022-03-11T02:08:53Z,2025-02-20T22:40:08Z,MDX,30,673,0,31,482
echarts,61937,apache,2013-04-03T03:18:59Z,2025-02-20T22:32:13Z,JavaScript,126,1353,118,2032,16723
awesome-cpp,61926,fffaraz,2014-07-17T08:51:11Z,2025-02-20T18:59:26Z,Unknown,70,771,0,344,232
n8n,61894,n8n-io,2019-06-22T09:24:21Z,2025-02-20T22:26:14Z,Shell,260,8695,287,421,2150
caddy,61771,caddyserver,2015-01-13T19:45:03Z,2025-02-20T22:39:13Z,Go,26,2041,123,133,4004
socket.io,61642,socketio,2010-03-11T18:24:48Z,2025-02-20T21:37:57Z,JavaScript,13,435,75,170,3415
nocode,61571,kelseyhightower,2018-02-06T23:54:00Z,2025-02-20T21:40:15Z,Dockerfile,457,1,1,4044,693
scikit-learn,61175,scikit-learn,2010-08-17T09:43:38Z,2025-02-20T22:40:39Z,Python,558,12898,45,1564,9826
redux,61064,reduxjs,2015-05-29T23:53:15Z,2025-02-20T19:09:42Z,JavaScript,3,1708,78,36,2016
Java,60894,TheAlgorithms,2016-07-16T10:21:02Z,2025-02-20T21:55:14Z,Java,3,1842,0,3,1069
SecLists,60864,danielmiessler,2012-02-19T01:30:18Z,2025-02-20T22:45:17Z,PHP,2,649,26,13,263
AppFlowy,60793,AppFlowy-IO,2021-06-16T12:56:48Z,2025-02-20T21:46:19Z,Makefile,19,3493,98,892,2407
Apollo-11,60591,chrislgarry,2014-04-03T15:45:02Z,2025-02-20T21:53:09Z,Assembly,68,341,0,57,324
awesome-scalability,60531,binhnguyennus,2017-12-27T03:46:40Z,2025-02-20T22:42:18Z,Unknown,18,36,0,0,0
cs-self-learning,60468,PKUFlyingPig,2021-10-20T13:43:42Z,2025-02-20T22:01:48Z,HTML,26,265,4,92,98
atom,60328,atom,2012-01-20T18:18:21Z,2025-02-20T13:36:04Z,Shell,31,3937,538,963,16149
lodash,60168,lodash,2012-04-07T04:11:46Z,2025-02-20T15:18:50Z,JavaScript,17,581,2,68,4224
architect-awesome,60014,xingshaocheng,2018-04-06T13:30:58Z,2025-02-20T13:31:53Z,Unknown,17,49,0,49,22
Front-end-Developer-Interview-Questions,59982,h5bp,2012-02-09T23:34:10Z,2025-02-20T22:12:17Z,JavaScript,8,484,0,34,142
design-resources-for-developers,59948,bradtraversy,2020-05-06T14:40:35Z,2025-02-20T21:14:28Z,Unknown,0,939,0,0,100
markdown-here,59800,adam-p,2012-05-13T03:27:22Z,2025-02-20T21:29:07Z,HTML,15,25,14,305,319
awesome-nodejs,59646,sindresorhus,2014-07-11T13:35:34Z,2025-02-20T22:00:08Z,Unknown,16,414,0,2,100
jquery,59399,jquery,2009-04-03T15:20:14Z,2025-02-20T13:16:27Z,JavaScript,15,784,10,79,2267
awesome-courses,59065,prakhar1989,2014-11-15T18:36:49Z,2025-02-20T22:42:21Z,Unknown,16,194,0,41,39
angular.js,58769,angular,2010-01-06T00:34:37Z,2025-02-20T18:41:02Z,JavaScript,72,789,0,391,8647
new-pac,58722,Alvin9999,2016-03-23T08:43:36Z,2025-02-20T22:41:46Z,Python,0,0,0,419,1284
annotated_deep_learning_paper_implementations,58673,labmlai,2020-08-25T02:29:34Z,2025-02-20T19:22:41Z,Python,4,102,0,31,104
shadowsocks-windows,58616,shadowsocks,2013-01-14T07:54:16Z,2025-02-20T16:56:19Z,C#,11,290,55,179,2743
immich,58541,immich-app,2022-02-03T15:56:27Z,2025-02-20T21:56:54Z,HTML,80,5511,233,438,4365
docusaurus,58410,facebook,2017-06-20T16:13:53Z,2025-02-20T17:07:49Z,JavaScript,58,5339,149,286,2915
open-interpreter,58402,OpenInterpreter,2023-07-14T07:10:44Z,2025-02-20T22:33:39Z,Python,38,367,48,209,792
act,57880,nektos,2019-01-02T19:53:43Z,2025-02-20T22:19:14Z,Shell,23,1000,82,196,1013
localsend,57818,localsend,2022-12-16T00:46:07Z,2025-02-20T21:59:48Z,Kotlin,1,650,24,587,597
fuel-core,57797,FuelLabs,2020-08-27T21:12:14Z,2025-02-20T19:34:05Z,Rust,22,1367,113,144,864
localstack,57771,localstack,2016-10-25T23:48:03Z,2025-02-20T22:06:22Z,Makefile,57,5718,88,268,5557
alacritty,57724,alacritty,2016-02-18T05:02:30Z,2025-02-20T22:05:24Z,Rust,10,1860,101,318,5680
llama,57667,meta-llama,2023-02-14T09:29:12Z,2025-02-20T19:00:56Z,Python,51,54,0,421,647
spring-framework,57362,spring-projects,2010-12-08T04:04:45Z,2025-02-20T21:49:52Z,Groovy,20,851,324,257,26191
prometheus,57340,prometheus,2012-11-24T11:14:12Z,2025-02-20T22:15:32Z,Makefile,201,7126,327,525,5394
html5-boilerplate,56777,h5bp,2010-01-24T18:03:24Z,2025-02-20T22:26:18Z,HTML,9,773,34,6,1343
lazygit,56763,jesseduffield,2018-05-19T00:53:06Z,2025-02-20T22:33:32Z,Go,60,1486,157,736,1365
rails,56489,rails,2008-04-11T02:19:47Z,2025-02-20T19:08:27Z,Ruby,765,24683,145,511,17472
rustlings,56465,rust-lang,2015-09-15T02:25:18Z,2025-02-20T22:02:13Z,Rust,17,904,45,34,667
nerd-fonts,56432,ryanoasis,2014-12-05T04:31:17Z,2025-02-20T21:15:53Z,Python,2,520,37,15,1017
nuxt,56175,nuxt,2016-10-26T11:18:47Z,2025-02-20T22:28:25Z,JavaScript,64,6144,234,859,15024
lobe-chat,55868,lobehub,2023-05-21T07:19:12Z,2025-02-20T22:27:01Z,JavaScript,51,1788,1000,517,2620
gatsby,55735,gatsbyjs,2015-05-21T22:43:05Z,2025-02-20T22:05:33Z,JavaScript,202,18147,149,206,13881
DeepLearning-500-questions,55411,scutan90,2018-06-27T06:36:45Z,2025-02-20T16:05:11Z,JavaScript,10,302,0,110,81
private-gpt,55267,zylon-ai,2023-05-02T09:15:31Z,2025-02-20T20:55:44Z,Python,22,226,10,240,961
leetcode,55041,azl397985856,2018-03-30T09:13:51Z,2025-02-20T16:57:21Z,JavaScript,2,257,40,9,248
you-get,54980,soimort,2012-08-20T15:53:36Z,2025-02-20T22:15:18Z,Makefile,119,582,123,0,0
awesome-flutter,54831,Solido,2017-05-07T11:45:27Z,2025-02-20T19:48:58Z,Dart,21,444,0,0,0
zed,54551,zed-industries,2021-02-20T03:01:06Z,2025-02-20T22:12:19Z,Rust,94,10905,726,2856,8065
awesome-chatgpt-prompts-zh,54272,PlexPt,2022-12-12T01:55:03Z,2025-02-20T22:01:46Z,Unknown,3,33,0,38,58
scrapy,54242,scrapy,2010-02-22T02:01:14Z,2025-02-20T22:43:34Z,Shell,183,2253,39,437,2651
element,54185,ElemeFE,2016-09-03T06:19:26Z,2025-02-20T20:26:31Z,Makefile,323,3231,145,2558,15250
face_recognition,54166,ageitgey,2017-03-03T21:52:39Z,2025-02-20T22:06:57Z,Makefile,38,94,2,758,594
react-router,54088,remix-run,2014-05-16T22:22:51Z,2025-02-20T21:55:24Z,JavaScript,64,2734,293,199,7619
ghidra,54022,NationalSecurityAgency,2019-03-01T03:27:48Z,2025-02-20T22:41:18Z,Java,269,496,42,1436,3736
leetcode-master,54005,youngyangyang04,2019-12-14T12:05:42Z,2025-02-20T17:45:11Z,Shell,27,2290,0,185,64
tldr,53673,tldr-pages,2013-12-08T07:34:43Z,2025-02-20T22:02:21Z,Shell,25,12911,5,180,1235
ChatGPT,53623,lencx,2022-12-07T09:43:02Z,2025-02-20T20:34:07Z,Rust,24,123,34,779,350
git,53585,git,2008-07-23T14:21:26Z,2025-02-20T20:21:40Z,Makefile,200,3,0,0,0
Real-Time-Voice-Cloning,53556,CorentinJ,2019-05-26T08:56:15Z,2025-02-20T21:34:28Z,Python,21,48,0,198,890
Prompt-Engineering-Guide,53499,dair-ai,2022-12-16T16:04:50Z,2025-02-20T22:42:17Z,Jupyter Notebook,47,302,0,137,70
traefik,53326,traefik,2015-09-13T19:04:02Z,2025-02-20T21:33:14Z,Go,36,4490,459,616,5536
faceswap,53301,deepfakes,2017-12-19T09:44:13Z,2025-02-20T21:38:58Z,Python,7,357,4,29,844
gpt-engineer,53136,AntonOsika,2023-04-29T12:52:15Z,2025-02-20T16:00:40Z,Python,14,351,20,19,469
normalize.css,52795,necolas,2011-05-04T10:20:25Z,2025-02-20T20:03:36Z,CSS,31,56,0,51,461
openpilot,52583,commaai,2016-11-24T01:33:30Z,2025-02-20T22:15:43Z,C,27,10862,55,107,2770
drawio-desktop,52567,jgraph,2017-05-25T20:58:42Z,2025-02-20T22:34:14Z,JavaScript,0,20,149,81,1446
weekly,52561,ruanyf,2018-10-13T12:36:07Z,2025-02-20T21:37:01Z,Unknown,0,93,0,4928,933
requests,52530,psf,2011-02-13T18:38:17Z,2025-02-20T18:43:27Z,Makefile,81,1567,12,188,3820
yolov5,52461,ultralytics,2020-05-18T03:45:11Z,2025-02-20T17:29:27Z,Dockerfile,25,2178,10,200,9159
mkcert,52347,FiloSottile,2018-06-25T05:33:03Z,2025-02-20T21:18:47Z,Go,49,52,14,101,239
nocodb,52105,nocodb,2017-10-29T18:51:48Z,2025-02-20T22:27:39Z,JavaScript,65,4380,162,689,3103
hackingtool,51630,Z4nzu,2020-04-11T09:21:31Z,2025-02-20T20:47:25Z,Shell,11,55,0,46,318
awesome-android-ui,51579,wasabeef,2014-12-24T01:45:03Z,2025-02-20T22:27:10Z,Unknown,17,90,0,16,93
ionic-framework,51463,ionic-team,2013-08-20T23:06:02Z,2025-02-20T15:17:33Z,JavaScript,36,6041,889,532,21373
Stirling-PDF,51325,Stirling-Tools,2023-01-27T18:22:42Z,2025-02-20T22:42:37Z,Dockerfile,19,1468,112,199,904
bat,51197,sharkdp,2018-04-21T10:52:23Z,2025-02-20T22:38:00Z,Rust,42,1387,41,296,1153
Semantic-UI,51148,Semantic-Org,2013-04-08T23:32:04Z,2025-02-20T22:44:18Z,HTML,110,357,154,967,5266
material-design-icons,51128,google,2014-10-08T18:01:28Z,2025-02-20T21:30:53Z,Unknown,3,48,16,338,1145
project-layout,51085,golang-standards,2017-09-09T16:33:26Z,2025-02-20T22:41:22Z,Makefile,23,91,0,66,44
Magisk,51011,topjohnwu,2016-09-08T12:42:53Z,2025-02-20T20:57:03Z,Makefile,5,1532,143,32,5998
anime,50908,juliangarnier,2016-03-13T21:37:45Z,2025-02-20T18:46:28Z,JavaScript,23,72,15,211,509
rich,50823,Textualize,2019-11-10T15:28:09Z,2025-02-20T21:31:19Z,Python,62,806,168,195,1168
guava,50535,google,2014-05-29T16:23:17Z,2025-02-20T19:41:33Z,Java,89,823,48,631,2969
ripgrep,50423,BurntSushi,2016-03-11T02:02:33Z,2025-02-20T22:19:23Z,Rust,44,510,72,117,1543
pi-hole,50422,pi-hole,2014-06-08T15:02:55Z,2025-02-20T22:29:55Z,Shell,3,1972,109,42,2864
zustand,50366,pmndrs,2019-04-09T09:10:06Z,2025-02-20T22:30:32Z,JavaScript,4,743,92,3,683
minio,50286,minio,2015-01-14T19:23:58Z,2025-02-20T20:49:29Z,Go,10,9753,510,23,7595
grok-1,50054,xai-org,2024-03-17T08:53:38Z,2025-02-20T22:43:39Z,Python,32,5,0,80,140
kotlin,50039,JetBrains,2012-02-13T17:29:58Z,2025-02-20T22:45:06Z,Kotlin,173,2063,248,0,0
prettier,49983,prettier,2016-11-29T17:13:37Z,2025-02-20T21:14:06Z,JavaScript,269,8463,122,1188,5598
uBlock,49804,gorhill,2015-04-01T17:51:11Z,2025-02-20T22:35:10Z,HTML,2,247,273,12,3433
pdf.js,49779,mozilla,2011-04-26T06:32:03Z,2025-02-20T22:11:54Z,JavaScript,32,7768,70,385,9695
Docker-OSX,49747,sickcodes,2020-06-04T11:01:37Z,2025-02-20T20:55:52Z,Dockerfile,17,105,0,370,275
jekyll,49629,jekyll,2008-10-20T06:29:03Z,2025-02-20T22:05:27Z,Ruby,96,3178,112,106,4765
github-cheat-sheet,49621,tiimgreen,2014-04-12T16:38:42Z,2025-02-20T22:27:44Z,Unknown,17,129,0,22,48
bulma,49584,jgthms,2016-01-23T23:48:34Z,2025-02-20T18:14:51Z,Shell,179,638,21,312,2379
dive,49564,wagoodman,2018-05-13T15:44:01Z,2025-02-20T21:42:40Z,Go,39,141,26,171,166
meilisearch,49329,meilisearch,2018-04-23T11:45:28Z,2025-02-20T22:15:58Z,Rust,27,1927,240,184,1950
astro,49247,withastro,2021-03-15T17:19:47Z,2025-02-20T22:15:14Z,JavaScript,38,6827,1000,143,5037
DefinitelyTyped,49236,DefinitelyTyped,2012-10-05T16:39:45Z,2025-02-20T21:34:35Z,TypeScript,163,51013,1,564,7514
segment-anything,48940,facebookresearch,2023-03-23T17:03:03Z,2025-02-20T15:26:10Z,Python,54,16,0,514,172
rclone,48913,rclone,2014-03-16T16:19:57Z,2025-02-20T22:12:30Z,Makefile,151,2010,108,938,4679
core,48864,vuejs,2018-06-12T13:49:36Z,2025-02-20T21:47:42Z,JavaScript,345,2959,238,648,4876
awesome-rust,48771,rust-unofficial,2014-07-17T10:45:10Z,2025-02-20T22:32:16Z,Rust,0,1478,0,10,126
langflow,48759,langflow-ai,2023-02-08T22:28:03Z,2025-02-20T22:41:03Z,HTML,441,3363,249,303,1666
trackerslist,48727,ngosang,2016-04-24T11:57:57Z,2025-02-20T20:26:17Z,Unknown,0,1,0,7,456
chinese-poetry,48711,chinese-poetry,2016-09-02T03:32:25Z,2025-02-20T18:13:24Z,Python,8,135,1,114,91
marktext,48586,marktext,2017-11-12T16:05:25Z,2025-02-20T22:36:12Z,JavaScript,45,939,36,1208,1629
Ghost,48450,TryGhost,2013-05-04T11:09:13Z,2025-02-20T21:25:29Z,JavaScript,138,12272,844,45,6952
etcd,48443,etcd-io,2013-07-06T21:57:21Z,2025-02-20T20:29:43Z,Shell,134,9188,243,286,6507
go-ethereum,48416,ethereum,2013-12-26T13:05:46Z,2025-02-20T21:21:09Z,Go,103,7773,207,191,8046
awesome-ios,48246,vsouza,2014-07-10T16:03:45Z,2025-02-20T22:42:27Z,Swift,2,2233,0,0,485
cypress,48242,cypress-io,2015-03-04T00:46:28Z,2025-02-20T22:33:45Z,JavaScript,26,6629,358,1390,13393
moment,48071,moment,2011-03-01T02:46:06Z,2025-02-20T16:11:30Z,JavaScript,42,714,0,232,3905
RxJava,48022,ReactiveX,2013-01-08T20:11:48Z,2025-02-20T09:00:26Z,Shell,1,3292,235,11,3156
hacker-scripts,47980,NARKOZ,2015-11-21T19:05:09Z,2025-02-20T15:23:45Z,Ruby,33,63,0,35,52
powerlevel10k,47974,romkatv,2019-02-24T19:09:45Z,2025-02-20T20:59:22Z,Shell,12,167,33,82,2446
FFmpeg,47907,FFmpeg,2011-04-14T14:12:38Z,2025-02-20T21:35:32Z,C,1,16,0,0,0
clash-verge-rev,47868,clash-verge-rev,2023-11-21T18:24:03Z,2025-02-20T18:10:29Z,Shell,1,134,42,177,2229
joplin,47779,laurent22,2017-01-16T21:49:41Z,2025-02-20T20:58:09Z,Batchfile,17,3830,369,478,6338
mastodon,47776,mastodon,2016-02-22T15:01:25Z,2025-02-20T21:11:15Z,Ruby,171,16583,262,3893,7902
dayjs,47462,iamkun,2018-04-10T09:26:44Z,2025-02-20T21:43:30Z,JavaScript,202,695,119,875,840
hiring-without-whiteboards,47441,poteto,2017-03-15T05:09:01Z,2025-02-20T22:19:36Z,JavaScript,9,1297,0,0,0
professional-programming,47328,charlax,2015-11-07T05:07:52Z,2025-02-20T17:40:10Z,Python,1,38,0,0,28
appwrite,47293,appwrite,2019-04-08T16:36:25Z,2025-02-20T22:14:17Z,Dockerfile,169,3322,104,580,3256
gitea,47203,go-gitea,2016-11-01T02:13:26Z,2025-02-20T20:50:34Z,Makefile,212,16974,205,2542,11622
OpenHands,47163,All-Hands-AI,2024-03-13T03:33:31Z,2025-02-20T22:45:13Z,HTML,67,3423,42,244,2006
algorithm-visualizer,47146,algorithm-visualizer,2016-05-15T00:27:45Z,2025-02-20T20:24:23Z,JavaScript,28,183,0,39,75
ImHex,47145,WerWolv,2020-11-10T14:27:00Z,2025-02-20T22:13:57Z,CMake,10,594,76,205,1070
starship,47113,starship,2019-04-02T03:23:12Z,2025-02-20T22:44:46Z,Rust,172,2784,134,658,1722
big-list-of-naughty-strings,46969,minimaxir,2015-08-08T20:57:20Z,2025-02-20T18:15:45Z,Python,37,90,0,69,32
first-contributions,46931,firstcontributions,2016-09-20T14:35:09Z,2025-02-20T22:18:57Z,Unknown,22,79637,0,28,828
MetaGPT,46780,geekan,2023-06-30T09:04:55Z,2025-02-20T22:32:00Z,Python,33,646,21,51,715
awesome-wechat-weapp,46748,justjavac,2016-09-22T20:04:48Z,2025-02-20T14:13:18Z,Unknown,0,277,0,0,0
llm-course,46747,mlabonne,2023-06-17T22:16:25Z,2025-02-20T22:19:50Z,Jupyter Notebook,13,1,0,47,27
Motrix,46711,agalwood,2018-12-18T11:45:05Z,2025-02-20T18:36:54Z,JavaScript,14,192,21,736,589
serverless,46591,serverless,2015-04-21T03:48:40Z,2025-02-20T21:37:49Z,JavaScript,105,4721,431,1128,5319
PaddleOCR,46574,PaddlePaddle,2020-05-08T10:38:16Z,2025-02-20T22:07:02Z,Python,62,2596,16,26,9416
PowerShell,46486,PowerShell,2016-01-13T23:41:35Z,2025-02-20T21:29:57Z,C#,139,7282,180,985,11703
alist,46478,AlistGo,2020-12-23T17:40:29Z,2025-02-20T22:28:59Z,Go,30,778,124,357,3612
julia,46440,JuliaLang,2011-04-21T07:01:50Z,2025-02-20T22:34:31Z,Shell,993,24923,171,3995,20708
100-Days-Of-ML-Code,46432,Avik-Jain,2018-07-05T09:11:43Z,2025-02-20T22:35:09Z,Unknown,32,6,0,0,0
okhttp,46154,square,2012-07-23T13:42:55Z,2025-02-20T20:19:02Z,Shell,19,3517,0,144,3969
design-patterns-for-humans,45972,kamranahmedse,2017-02-16T21:24:39Z,2025-02-20T21:53:16Z,Unknown,11,50,0,5,47
react,45944,typescript-cheatsheets,2018-06-02T04:08:16Z,2025-02-20T21:22:04Z,JavaScript,0,370,0,4,212
learn-regex,45892,ziishaned,2017-07-22T12:21:03Z,2025-02-20T22:43:44Z,Unknown,20,124,0,51,35
AFFiNE,45835,toeverything,2022-07-31T18:45:21Z,2025-02-20T22:03:21Z,JavaScript,46,6381,418,338,2097
Projects,45791,karan,2013-07-04T13:37:27Z,2025-02-20T22:29:05Z,Unknown,47,19,0,41,33
v2ray-core,45769,v2ray,2015-09-04T11:42:53Z,2025-02-20T09:53:34Z,Go,2,203,247,7,2576
gogs,45501,gogs,2014-02-12T01:57:08Z,2025-02-20T22:18:39Z,Go,39,1739,82,901,4214
x64dbg,45450,x64dbg,2015-04-11T20:48:23Z,2025-02-20T21:01:29Z,C++,5,698,2,622,1918
huginn,44962,huginn,2013-03-10T06:00:31Z,2025-02-20T20:18:57Z,Shell,92,1041,1,586,1568
architecture-samples,44778,android,2016-02-05T13:42:07Z,2025-02-20T18:54:50Z,Kotlin,68,230,0,134,346
quill,44656,slab,2012-07-30T23:23:18Z,2025-02-20T20:32:03Z,JavaScript,64,379,95,444,3262
pandas,44637,pandas-dev,2010-08-24T01:37:33Z,2025-02-20T22:01:23Z,Python,86,26496,109,3618,23592
30-Days-Of-Python,44635,Asabeneh,2019-11-19T17:24:16Z,2025-02-20T20:46:08Z,Python,135,55,0,53,75
meteor,44567,meteor,2012-01-19T01:58:17Z,2025-02-20T02:53:12Z,HTML,84,2397,0,273,8879
pixijs,44556,pixijs,2013-01-21T22:40:50Z,2025-02-20T21:19:18Z,JavaScript,26,3569,283,373,5461
jest,44530,jestjs,2013-12-10T00:18:04Z,2025-02-20T17:51:11Z,JavaScript,66,5591,203,273,7717
json,44470,nlohmann,2013-07-04T08:47:49Z,2025-02-20T19:09:27Z,C++,58,806,44,49,2233
type-challenges,44424,type-challenges,2020-07-23T14:33:11Z,2025-02-20T21:20:44Z,TypeScript,35,574,0,31339,3641
AdminLTE,44340,ColorlibHQ,2013-12-25T02:52:40Z,2025-02-20T20:00:03Z,JavaScript,19,1539,75,129,2734
terraform,44207,hashicorp,2014-03-13T22:25:48Z,2025-02-20T19:02:44Z,Makefile,175,12203,348,1810,19445
Deep-Live-Cam,44011,hacksider,2023-09-24T13:19:31Z,2025-02-20T21:17:25Z,Python,0,69,4,11,629
open-source-ios-apps,43982,dkhamsing,2015-01-26T23:32:34Z,2025-02-20T22:42:29Z,Unknown,1,1249,37,0,300
30-Days-Of-JavaScript,43974,Asabeneh,2019-12-23T14:07:40Z,2025-02-20T22:13:51Z,JavaScript,245,98,0,109,59
PythonDataScienceHandbook,43907,jakevdp,2016-08-10T14:24:36Z,2025-02-20T19:48:01Z,Jupyter Notebook,95,28,0,121,78
fuels-ts,43900,FuelLabs,2021-09-03T18:11:03Z,2025-02-20T19:34:03Z,TypeScript,16,1855,143,85,1315
fuels-rs,43892,FuelLabs,2021-10-31T22:33:54Z,2025-02-20T19:34:02Z,Rust,9,858,110,85,548
query,43873,TanStack,2019-09-10T19:23:58Z,2025-02-20T22:33:03Z,JavaScript,41,2450,1000,48,1979
pocketbase,43847,pocketbase,2022-07-05T06:06:21Z,2025-02-20T22:03:02Z,Go,0,49,193,20,1695
hyper,43723,vercel,2016-07-01T06:01:21Z,2025-02-20T19:13:04Z,JavaScript,77,3291,88,918,2868
parcel,43664,parcel-bundler,2017-08-07T16:36:47Z,2025-02-20T18:12:45Z,JavaScript,103,2577,39,516,4901
htmx,43632,bigskysoftware,2020-04-13T16:17:51Z,2025-02-20T22:34:48Z,HTML,49,871,24,553,930
zx,43608,google,2021-05-05T05:50:01Z,2025-02-20T21:24:10Z,JavaScript,0,370,79,12,453
awesome-react-components,43592,brillout,2016-06-24T15:19:33Z,2025-02-20T22:42:33Z,Unknown,12,324,0,7,44
TensorFlow-Examples,43533,aymericdamien,2015-11-11T14:21:19Z,2025-02-20T19:30:33Z,Python,58,88,0,166,70
build-web-application-with-golang,43436,astaxie,2012-08-02T11:49:35Z,2025-02-20T17:32:20Z,Go,13,757,0,121,182
babel,43422,babel,2014-09-28T13:38:23Z,2025-02-20T21:13:15Z,JavaScript,161,6058,426,632,8287
Fooocus,43326,lllyasviel,2023-08-09T18:43:40Z,2025-02-20T22:34:03Z,Python,54,447,21,199,1366
retrofit,43321,square,2010-09-06T21:39:43Z,2025-02-20T16:19:47Z,Java,34,1048,2,123,2608
CppCoreGuidelines,43293,isocpp,2015-08-19T20:22:52Z,2025-02-20T21:02:10Z,Makefile,8,807,4,244,951
discourse,43272,discourse,2013-01-12T00:25:55Z,2025-02-20T22:31:57Z,Ruby,98,27401,0,0,0
frontend-dev-bookmarks,43242,dypsilon,2013-06-22T13:23:55Z,2025-02-20T22:20:14Z,Unknown,99,129,1,25,82
jadx,42888,skylot,2013-03-18T17:08:21Z,2025-02-20T22:21:34Z,Java,3,524,30,408,1388
open-source-mac-os-apps,42829,serhii-londar,2017-11-03T02:35:33Z,2025-02-20T22:42:34Z,Unknown,63,523,0,48,158
awesome-java,42817,akullpp,2014-07-09T10:12:43Z,2025-02-20T20:04:05Z,Unknown,10,691,0,2,133
text-generation-webui,42577,oobabooga,2022-12-21T04:17:37Z,2025-02-20T20:04:53Z,Python,4,1076,58,210,3587
brew,42575,Homebrew,2016-03-06T05:08:38Z,2025-02-20T22:15:15Z,Shell,20,12078,411,73,4551
react-use,42538,streamich,2018-10-27T10:16:05Z,2025-02-20T21:54:23Z,JavaScript,269,1520,256,343,244
grpc,42474,grpc,2014-12-08T18:58:53Z,2025-02-20T22:27:41Z,C++,355,19587,337,675,10922
react-hook-form,42466,react-hook-form,2019-03-05T23:47:10Z,2025-02-20T16:49:17Z,TypeScript,43,1993,563,38,4604
kubernetes-the-hard-way,42386,kelseyhightower,2016-07-07T14:15:27Z,2025-02-20T22:37:28Z,Unknown,127,71,0,121,300
front-end-interview-handbook,42372,yangshun,2018-01-13T19:40:08Z,2025-02-20T21:46:14Z,JavaScript,1,310,0,13,87
lx-music-desktop,42370,lyswhut,2019-08-14T14:31:08Z,2025-02-20T18:18:57Z,JavaScript,10,76,109,809,1183
Leaflet,42091,Leaflet,2010-09-22T16:57:44Z,2025-02-20T21:12:32Z,JavaScript,166,2998,31,414,4804
lazydocker,42036,jesseduffield,2019-05-18T08:53:50Z,2025-02-20T22:35:10Z,Dockerfile,34,186,42,157,185
git-flight-rules,42009,k88hudson,2014-07-22T20:35:09Z,2025-02-20T17:50:02Z,Unknown,0,224,0,18,55
Rocket.Chat,41984,RocketChat,2015-05-19T07:36:09Z,2025-02-20T21:33:36Z,JavaScript,627,13565,1000,2522,13602
vaultwarden,41939,dani-garcia,2018-02-17T22:40:20Z,2025-02-20T22:30:48Z,Rust,9,913,69,10,2196
pm2,41931,Unitech,2013-05-21T03:25:25Z,2025-02-20T21:42:13Z,JavaScript,53,550,124,965,4072
dbeaver,41834,dbeaver,2015-10-21T08:26:28Z,2025-02-20T21:37:05Z,Batchfile,74,5522,218,2842,15604
awesome-cheatsheets,41669,LeCoupa,2017-11-09T02:47:15Z,2025-02-20T22:15:57Z,JavaScript,85,169,0,35,57
Alamofire,41655,Alamofire,2014-07-31T05:56:19Z,2025-02-20T20:05:43Z,Swift,6,650,102,37,2743
edex-ui,41610,GitSquared,2017-01-28T09:35:02Z,2025-02-20T21:21:43Z,JavaScript,0,399,29,6,553
JeecgBoot,41583,jeecgboot,2018-11-26T10:40:00Z,2025-02-20T18:33:38Z,Java,12,88,53,46,6744
yarn,41494,yarnpkg,2016-01-19T17:39:16Z,2025-02-20T20:30:13Z,JavaScript,203,1654,152,1867,4730
monaco-editor,41487,microsoft,2016-06-07T16:56:31Z,2025-02-20T17:13:45Z,JavaScript,45,463,91,616,3134
awesome-design-patterns,41328,DovAmir,2018-06-04T17:47:48Z,2025-02-20T20:35:15Z,Unknown,10,31,0,10,5
acme.sh,41226,acmesh-official,2015-12-26T12:56:33Z,2025-02-20T16:31:26Z,Shell,218,1373,44,1012,2170
prisma,41222,prisma,2019-06-20T13:33:47Z,2025-02-20T21:42:53Z,TypeScript,23,5736,209,2207,8673
LLaMA-Factory,41175,hiyouga,2023-05-28T10:09:12Z,2025-02-20T22:28:28Z,Python,18,395,32,288,5679
FreeDomain,41106,DigitalPlatDev,2024-05-30T13:23:00Z,2025-02-20T14:17:57Z,HTML,0,0,0,0,0
reactjs-interview-questions,41062,sudheerj,2018-05-31T17:17:01Z,2025-02-20T19:11:36Z,HTML,5,157,0,6,101
vue2-elm,41044,bailicangdu,2016-12-23T01:49:20Z,2025-02-20T12:05:53Z,JavaScript,1,21,0,116,512
ChatGLM-6B,41024,THUDM,2023-03-13T12:00:18Z,2025-02-20T16:10:05Z,Python,41,49,0,556,749
what-happens-when,40962,alex,2013-11-07T04:30:06Z,2025-02-20T20:46:36Z,Unknown,1851,108,0,237,53
python-patterns,40956,faif,2012-06-06T21:02:35Z,2025-02-20T22:39:13Z,Python,4,265,0,11,78
metabase,40900,metabase,2015-02-02T19:25:47Z,2025-02-20T22:13:28Z,JavaScript,243,28116,618,3837,17819
GPT-SoVITS,40877,RVC-Boss,2024-01-14T18:05:21Z,2025-02-20T22:34:58Z,Python,61,279,1,705,808
pyenv,40815,pyenv,2012-08-31T06:57:52Z,2025-02-20T20:23:36Z,Makefile,9,936,120,64,1747
dubbo,40739,apache,2012-06-19T07:56:02Z,2025-02-20T14:55:00Z,Java,98,5582,107,794,6338
odoo,40720,odoo,2014-05-13T15:38:58Z,2025-02-20T22:05:38Z,Python,4412,6179,0,3027,15010
styled-components,40676,styled-components,2016-08-16T06:41:32Z,2025-02-20T16:18:59Z,JavaScript,27,953,172,285,2639
spark,40571,apache,2014-02-25T08:00:08Z,2025-02-20T22:12:29Z,Scala,204,7,0,0,0
uv,40564,astral-sh,2023-10-02T20:24:11Z,2025-02-20T22:37:29Z,Rust,118,5763,157,1210,4103
swiper,40545,nolimits4web,2012-03-14T19:11:45Z,2025-02-20T19:57:07Z,HTML,12,592,81,169,5479
nw.js,40492,nwjs,2012-01-04T06:21:10Z,2025-02-20T21:53:04Z,C++,9,575,0,929,6430
uni-app,40426,dcloudio,2018-07-12T08:52:39Z,2025-02-20T09:09:35Z,JavaScript,39,322,0,1053,3638
diagrams,40313,mingrammer,2020-02-02T15:23:24Z,2025-02-20T21:02:14Z,Shell,77,303,43,306,213
LLMs-from-scratch,40253,rasbt,2023-07-23T18:15:57Z,2025-02-20T22:26:42Z,Jupyter Notebook,0,279,0,0,120
vuetify,40234,vuetifyjs,2016-09-12T00:39:35Z,2025-02-20T15:06:14Z,JavaScript,139,4066,577,523,13944
CPlusPlusThings,40222,Light-City,2019-07-14T08:45:45Z,2025-02-20T16:14:19Z,C++,3,72,0,8,218
kong,40179,Kong,2014-11-17T23:56:08Z,2025-02-20T22:33:46Z,Shell,81,6379,144,55,4420
stablediffusion,40146,Stability-AI,2022-11-23T23:59:50Z,2025-02-20T17:27:15Z,Python,52,18,0,242,76
ailearning,40139,apachecn,2017-02-25T08:53:02Z,2025-02-20T13:05:16Z,Python,0,478,2,2,126
maybe,40113,maybe-finance,2024-01-01T22:23:46Z,2025-02-20T22:34:27Z,Dockerfile,7,846,23,44,510
ColossalAI,40072,hpcaitech,2021-10-28T16:19:44Z,2025-02-20T22:31:27Z,Python,42,3618,48,407,1278
sentry,40063,getsentry,2010-08-30T22:06:41Z,2025-02-20T22:18:14Z,Python,239,62602,145,2095,12502
hexo,39995,hexojs,2012-09-23T15:17:08Z,2025-02-20T22:06:23Z,JavaScript,17,932,114,79,3886
fastlane,39905,fastlane,2014-12-02T17:00:38Z,2025-02-20T18:21:08Z,Ruby,212,6212,548,612,12472
autogen,39852,microsoft,2023-08-18T11:43:45Z,2025-02-20T22:38:33Z,JavaScript,45,2062,75,513,1954
black,39614,psf,2018-03-14T19:54:45Z,2025-02-20T22:44:26Z,Python,30,1535,46,343,2325
nvm-windows,39565,coreybutler,2014-09-20T16:37:28Z,2025-02-20T22:00:20Z,Inno Setup,9,107,23,75,817
nanoGPT,39479,karpathy,2022-12-28T00:51:12Z,2025-02-20T21:27:32Z,Python,63,45,0,219,105
iina,39453,iina,2016-12-19T07:18:45Z,2025-02-20T12:40:10Z,Ruby,73,776,44,1726,2304
cobra,39424,spf13,2013-09-03T20:40:26Z,2025-02-20T22:20:55Z,Go,86,608,24,210,970
fanqiang,39208,bannedbook,2015-01-14T00:34:25Z,2025-02-20T18:22:49Z,Batchfile,0,3,3,321,458
termux-app,39102,termux,2015-10-23T09:42:46Z,2025-02-20T21:06:07Z,Java,50,160,91,357,2406
ClickHouse,39097,ClickHouse,2016-06-02T08:28:18Z,2025-02-20T22:39:24Z,CMake,437,44555,626,3802,18999
llama_index,39096,run-llama,2022-11-02T04:24:54Z,2025-02-20T21:54:25Z,Python,45,6080,360,654,5242
cheat.sh,38969,chubin,2017-05-07T21:40:56Z,2025-02-20T21:14:40Z,Python,15,124,0,120,131
tldraw,38928,tldraw,2021-05-09T11:48:37Z,2025-02-20T22:17:53Z,TypeScript,51,2828,59,270,1162
materialize,38869,Dogfalo,2014-09-12T19:35:38Z,2025-02-20T20:46:16Z,CSS,169,449,41,624,4599
airflow,38868,apache,2015-04-13T18:04:58Z,2025-02-20T22:19:33Z,Python,153,24552,93,1113,9637
Deep-Learning-Papers-Reading-Roadmap,38774,floodsung,2016-10-14T11:49:48Z,2025-02-20T19:39:40Z,Python,39,28,0,50,5
tabler,38752,tabler,2018-02-01T09:08:59Z,2025-02-20T17:57:25Z,HTML,16,592,47,36,923
php-src,38689,php,2011-06-16T01:52:25Z,2025-02-20T22:00:01Z,JavaScript,577,3714,7,773,3046
bert,38673,google-research,2018-10-25T22:57:34Z,2025-02-20T20:31:24Z,Python,97,32,0,790,354
vllm,38667,vllm-project,2023-02-09T11:23:20Z,2025-02-20T22:20:51Z,Python,445,4631,50,1288,5338
esbuild,38582,evanw,2016-06-14T16:08:50Z,2025-02-20T22:00:52Z,Makefile,42,235,292,482,3130
v2rayNG,38576,2dust,2019-05-15T02:15:31Z,2025-02-20T19:05:39Z,Kotlin,1,406,226,12,3127
chinese-independent-developer,38576,1c7,2017-09-21T11:08:23Z,2025-02-20T18:40:02Z,Unknown,0,267,0,1,161
chakra-ui,38549,chakra-ui,2019-08-17T14:27:54Z,2025-02-20T21:50:00Z,JavaScript,7,2653,1000,5,3966
video.js,38437,videojs,2010-05-14T18:45:10Z,2025-02-20T19:25:52Z,JavaScript,24,1793,328,539,4792
wrk,38432,wg,2012-03-20T11:12:28Z,2025-02-20T21:06:15Z,Makefile,56,0,0,143,262
cli,38326,cli,2019-10-03T15:24:53Z,2025-02-20T22:05:34Z,Go,24,2383,156,711,3923
50projects50days,38248,bradtraversy,2020-11-16T14:39:01Z,2025-02-20T18:51:38Z,HTML,33,43,0,0,0
markitdown,38226,microsoft,2024-11-13T19:56:40Z,2025-02-20T22:33:02Z,Python,48,78,3,133,37
ragflow,38198,infiniflow,2023-12-12T06:13:13Z,2025-02-20T22:43:26Z,Python,9,2241,21,1066,1470
Made-With-ML,38196,GokuMohandas,2018-11-05T03:44:27Z,2025-02-20T22:01:23Z,Jupyter Notebook,5,147,0,16,57
anything-llm,38146,Mintplex-Labs,2023-06-04T02:29:14Z,2025-02-20T22:46:14Z,Shell,18,854,11,216,1911
bevy,38022,bevyengine,2020-01-18T21:13:55Z,2025-02-20T20:33:17Z,Rust,442,4921,35,2096,4234
mitmproxy,37985,mitmproxy,2010-02-16T04:10:13Z,2025-02-20T20:41:42Z,CSS,33,2527,72,321,3145
English-level-up-tips,37953,byoungd,2017-05-30T07:18:52Z,2025-02-20T22:42:44Z,HTML,1,26,0,27,72
tidb,37948,pingcap,2015-09-06T04:01:52Z,2025-02-20T19:55:18Z,Makefile,1028,31466,205,3744,16359
whisper.cpp,37903,ggerganov,2022-09-25T18:26:37Z,2025-02-20T21:12:08Z,Makefile,79,623,24,808,714
styleguide,37863,google,2015-05-20T19:18:59Z,2025-02-20T20:40:59Z,HTML,67,174,0,109,234
FastChat,37858,lm-sys,2023-03-19T00:18:02Z,2025-02-20T18:50:45Z,Python,120,848,14,799,1063
TTS,37857,coqui-ai,2020-05-20T15:45:28Z,2025-02-20T22:35:30Z,Python,1,467,98,15,1133
zju-icicles,37836,QSCTech,2016-06-28T16:17:32Z,2025-02-20T16:46:04Z,HTML,0,221,0,10,67
MPAndroidChart,37818,PhilJay,2014-04-25T14:29:47Z,2025-02-20T16:12:21Z,Java,128,190,44,2063,2894
typst,37743,typst,2019-09-24T21:41:56Z,2025-02-20T22:46:25Z,Rust,35,1540,21,732,2233
impress.js,37711,impress,2011-12-28T22:23:19Z,2025-02-20T19:30:26Z,CSS,9,121,15,55,426
streamlit,37623,streamlit,2019-08-24T00:14:52Z,2025-02-20T22:44:46Z,Makefile,81,4609,92,947,3876
phaser,37574,phaserjs,2013-04-12T12:27:51Z,2025-02-20T14:16:06Z,JavaScript,11,1704,164,70,4398
gorm,37556,go-gorm,2013-10-25T08:31:38Z,2025-02-20T22:41:00Z,Go,16,730,2,409,5473
EasySpider,37552,NaiboWang,2020-07-18T02:41:27Z,2025-02-20T17:09:40Z,Python,5,40,10,160,444
coolify,37531,coollabsio,2021-01-25T20:54:01Z,2025-02-20T22:38:24Z,JavaScript,34,1429,588,389,1899
zig,37501,ziglang,2015-08-06T00:51:28Z,2025-02-20T21:16:11Z,CMake,245,8502,18,3072,8972
vim,37493,vim,2015-08-18T21:03:56Z,2025-02-20T22:24:27Z,Makefile,50,438,0,1462,7078
expo,37487,expo,2016-08-15T17:14:25Z,2025-02-20T22:22:19Z,Ruby,289,15763,0,503,15199
awesome-compose,37478,docker,2020-02-13T08:51:42Z,2025-02-20T22:42:10Z,Dockerfile,172,149,0,83,40
WeChatMsg,37393,LC044,2023-01-11T05:03:49Z,2025-02-20T19:44:42Z,Python,9,62,33,60,387
quivr,37341,QuivrHQ,2023-05-12T23:53:30Z,2025-02-20T22:34:08Z,Python,19,1798,354,33,1494
jellyfin,37330,jellyfin,2018-12-09T06:36:45Z,2025-02-20T21:56:01Z,C#,146,4465,85,416,6351
free,37301,freefq,2020-06-07T02:48:33Z,2025-02-20T17:13:16Z,Unknown,1,0,0,504,189
Open-Assistant,37238,LAION-AI,2022-12-13T05:24:17Z,2025-02-20T19:14:36Z,Python,65,1616,127,226,1417
TrafficMonitor,37213,zhongyang219,2017-07-30T02:51:17Z,2025-02-20T21:23:00Z,C++,6,52,26,1107,677
freecodecamp.cn,37179,FreeCodeCampChina,2016-09-30T03:13:43Z,2025-02-20T15:38:13Z,JavaScript,11,55,0,140,445
preact,37166,preactjs,2015-09-11T02:40:18Z,2025-02-20T20:55:45Z,JavaScript,84,1800,221,71,1785
memos,37140,usememos,2021-12-08T15:30:18Z,2025-02-20T22:46:10Z,Go,3,1610,75,26,2177
leveldb,37115,google,2014-08-27T21:17:52Z,2025-02-20T12:42:45Z,C++,114,64,21,236,535
tutorials,37021,eugenp,2013-04-29T18:26:36Z,2025-02-20T18:39:10Z,Java,47,12982,0,29,749
bark,36993,suno-ai,2023-04-07T19:34:48Z,2025-02-20T21:32:25Z,Python,21,19,0,221,234
jsoncrack.com,36955,AykutSarac,2022-01-30T15:25:18Z,2025-02-20T22:25:49Z,JavaScript,8,83,20,30,212
shellcheck,36954,koalaman,2012-11-17T03:15:11Z,2025-02-20T19:09:38Z,Haskell,16,286,29,1071,1671
python-cheatsheet,36874,gto76,2018-01-25T04:16:53Z,2025-02-20T18:36:42Z,HTML,18,14,0,5,61
curl,36872,curl,2010-03-18T22:32:22Z,2025-02-20T21:51:17Z,C,39,190,87,15,4882
DeepSpeed,36872,deepspeedai,2020-01-23T18:35:18Z,2025-02-20T17:12:29Z,Python,109,2561,87,1001,1978
ant-design-pro,36818,ant-design,2017-08-25T10:40:44Z,2025-02-20T15:48:05Z,JavaScript,9,972,26,186,9515
interview_internal_reference,36794,0voice,2019-06-10T06:54:19Z,2025-02-20T15:49:43Z,Python,3,35,0,28,18
pure-bash-bible,36794,dylanaraps,2018-06-13T01:39:33Z,2025-02-20T21:58:49Z,Shell,18,28,0,43,33
ultralytics,36787,ultralytics,2022-09-11T16:39:45Z,2025-02-20T21:46:10Z,Python,226,2825,152,749,9639
awesome-remote-job,36781,lukasz-madon,2015-01-02T00:31:34Z,2025-02-20T22:42:38Z,Unknown,2,582,0,2,71
aria2,36723,aria2,2010-11-27T09:41:48Z,2025-02-20T18:35:17Z,Shell,47,252,24,1053,818
freqtrade,36542,freqtrade,2017-05-17T23:48:53Z,2025-02-20T21:55:03Z,Python,17,5543,94,39,4980
tmux,36537,tmux,2015-06-03T23:32:55Z,2025-02-20T21:41:17Z,C,8,1,37,47,3527
penpot,36533,penpot,2015-12-29T22:09:07Z,2025-02-20T22:46:49Z,Clojure,12,3580,46,399,1313
istio,36504,istio,2016-11-18T23:57:21Z,2025-02-20T18:50:57Z,Shell,48,27248,372,483,20029
photoprism,36488,photoprism,2018-01-27T12:00:15Z,2025-02-20T21:49:58Z,Go,34,702,71,476,1783
GFPGAN,36341,TencentARC,2021-03-19T06:18:20Z,2025-02-20T11:45:23Z,Python,25,14,8,353,129
novu,36309,novuhq,2021-08-26T15:22:44Z,2025-02-20T17:59:14Z,TypeScript,56,5082,40,225,1322
JavaFamily,36291,AobingJava,2019-11-12T04:26:18Z,2025-02-20T21:12:23Z,Unknown,0,2,0,3,60
Summer2025-Internships,36241,SimplifyJobs,2020-05-23T20:53:18Z,2025-02-20T22:17:33Z,Unknown,2,1668,0,3,2839
gradio,36219,gradio-app,2018-12-19T08:24:04Z,2025-02-20T22:39:58Z,Python,8,4284,1000,455,4899
OpenBB,36212,OpenBB-finance,2020-12-20T10:46:38Z,2025-02-20T16:53:19Z,Python,19,4019,42,36,2169
manifesto,36126,opentofu,2023-08-13T16:17:24Z,2025-02-20T19:57:53Z,HTML,9,764,0,13,13
AI-For-Beginners,36114,microsoft,2021-03-03T16:27:36Z,2025-02-20T22:18:08Z,Jupyter Notebook,13,167,0,21,101
aspnetcore,36108,dotnet,2014-03-11T06:09:42Z,2025-02-20T22:20:24Z,Batchfile,84,16900,243,3542,32558
Files,36088,files-community,2019-01-04T18:19:14Z,2025-02-20T22:44:39Z,C#,13,5121,123,468,9817
taro,36085,NervJS,2018-04-08T09:32:26Z,2025-02-20T20:28:28Z,JavaScript,83,3270,186,1426,10502
v,36072,vlang,2019-02-08T02:57:06Z,2025-02-20T21:09:41Z,Makefile,17,11638,246,966,8156
trpc,36072,trpc,2020-07-18T01:17:11Z,2025-02-20T20:13:18Z,TypeScript,29,3532,200,106,1079
deeplearningbook-chinese,36067,exacity,2016-12-07T11:46:51Z,2025-02-20T15:36:27Z,TeX,3,16,7,64,138
GitHubDaily,36051,GitHubDaily,2018-12-30T13:56:58Z,2025-02-20T16:15:26Z,Unknown,5,3,0,313,170
tesseract.js,36029,naptha,2015-06-24T02:49:52Z,2025-02-20T16:30:45Z,JavaScript,2,190,55,33,680
wtfpython,36028,satwikkansal,2017-08-28T20:22:19Z,2025-02-20T17:26:29Z,Python,10,109,2,73,142
arthas,35991,alibaba,2018-08-29T17:15:57Z,2025-02-20T15:11:15Z,Java,86,529,58,360,1693
ruff,35989,astral-sh,2022-08-09T17:17:44Z,2025-02-20T22:35:14Z,Rust,90,8946,348,1240,4947
helix,35961,helix-editor,2020-06-01T04:26:56Z,2025-02-20T22:42:10Z,Rust,295,3894,28,705,4190
wtfjs,35949,denysdovhan,2017-07-14T15:42:12Z,2025-02-20T22:00:41Z,JavaScript,25,124,25,19,96
pandoc,35922,jgm,2010-03-20T20:34:23Z,2025-02-20T22:43:25Z,Haskell,81,1638,143,1027,6753
og-aws,35886,open-guides,2016-07-13T17:30:16Z,2025-02-20T18:08:30Z,Shell,19,498,0,140,87
DragGAN,35861,XingangPan,2023-05-18T10:08:02Z,2025-02-20T16:07:05Z,Python,9,18,0,144,46
lerna,35840,lerna,2015-12-04T09:36:55Z,2025-02-20T15:27:42Z,JavaScript,8,978,240,386,2268
MockingBird,35814,babysor,2021-08-07T03:53:39Z,2025-02-20T19:12:50Z,Python,4,81,1,475,411
devdocs,35771,freeCodeCamp,2013-10-24T18:16:07Z,2025-02-20T19:19:52Z,Ruby,34,841,0,181,1017
appsmith,35721,appsmithorg,2020-06-30T04:07:36Z,2025-02-20T21:03:49Z,Dockerfile,76,13264,267,4140,18475
insomnia,35693,Kong,2016-04-23T03:54:26Z,2025-02-20T22:27:36Z,JavaScript,28,3041,495,652,3071
zod,35675,colinhacks,2020-03-07T20:59:08Z,2025-02-20T21:21:10Z,TypeScript,58,532,92,483,1585
fd,35633,sharkdp,2017-05-09T21:27:10Z,2025-02-20T20:12:50Z,Rust,15,611,40,106,770
ray,35536,ray-project,2016-10-25T19:38:30Z,2025-02-20T22:36:53Z,Shell,700,24537,100,3721,15755
daisyui,35508,saadeghi,2020-11-28T22:57:27Z,2025-02-20T22:11:56Z,CSS,9,349,53,118,1580
shadowsocks-android,35486,shadowsocks,2012-12-16T13:40:29Z,2025-02-20T18:16:51Z,Python,4,256,185,42,2460
hello-algorithm,35474,geekxh,2020-05-29T05:47:09Z,2025-02-20T12:29:59Z,Java,0,26,0,12,32
googletest,35472,google,2015-07-28T15:07:53Z,2025-02-20T22:47:31Z,CMake,96,810,10,308,1970
interview,35441,huihut,2018-02-09T09:49:48Z,2025-02-20T22:35:42Z,C,2,35,0,24,40
gym,35426,openai,2016-04-27T14:59:16Z,2025-02-20T22:35:20Z,Shell,12,999,19,112,1726
sheetjs,35399,SheetJS,2012-12-03T19:25:52Z,2025-02-20T12:41:38Z,Unknown,12,106,0,118,2267
fullPage.js,35389,alvarotrigo,2013-09-20T11:58:29Z,2025-02-20T11:37:57Z,CSS,18,315,101,135,3978
koa,35346,koajs,2013-07-20T18:53:45Z,2025-02-20T21:42:48Z,JavaScript,11,501,2,17,894
Flowise,35334,FlowiseAI,2023-03-31T12:23:09Z,2025-02-20T22:14:30Z,JavaScript,40,1058,62,455,1272
date-fns,35332,date-fns,2014-10-06T10:24:22Z,2025-02-20T22:12:55Z,JavaScript,194,1068,122,599,1356
RSSHub,35302,DIYgod,2018-04-02T14:43:21Z,2025-02-20T18:29:24Z,JavaScript,20,10121,0,334,5452
spotube,35241,KRTirtho,2021-02-14T03:17:58Z,2025-02-20T22:39:33Z,Shell,27,231,37,575,971
lottie-android,35200,airbnb,2016-10-06T22:42:42Z,2025-02-20T15:19:14Z,Java,4,702,55,24,1726
nativefier,35083,nativefier,2015-07-05T05:56:42Z,2025-02-20T22:14:32Z,JavaScript,3,261,99,256,982
fiber,35066,gofiber,2020-01-16T03:59:20Z,2025-02-20T22:27:41Z,Go,12,1558,124,96,1389
upscayl,35015,upscayl,2022-07-30T17:19:20Z,2025-02-20T22:46:48Z,Python,6,83,29,51,807
Awesome-Design-Tools,34995,goabstract,2019-02-12T13:55:30Z,2025-02-20T22:43:05Z,JavaScript,80,283,0,16,25
logseq,34989,logseq,2020-05-23T00:06:06Z,2025-02-20T22:42:21Z,JavaScript,50,2984,147,1403,6362
955.WLB,34984,formulahendry,2019-03-27T23:53:37Z,2025-02-20T13:15:51Z,Unknown,20,18,0,180,82
lapce,34983,lapce,2018-02-06T08:41:06Z,2025-02-20T20:48:46Z,Rust,54,1159,31,779,1164
hackathon-starter,34982,sahat,2013-11-13T17:24:12Z,2025-02-20T01:03:06Z,JavaScript,2,326,16,8,651
slidev,34969,slidevjs,2021-04-24T01:25:23Z,2025-02-20T20:32:19Z,JavaScript,11,641,380,114,1015
google-research,34956,google-research,2018-10-04T18:42:48Z,2025-02-20T21:44:11Z,Python,553,29,0,949,335
Pake,34940,tw93,2022-10-14T09:32:57Z,2025-02-20T21:37:03Z,Rust,2,95,31,33,318
awesome-react-native,34936,jondot,2015-03-26T19:58:06Z,2025-02-20T17:12:56Z,Makefile,50,912,0,37,35
carbon,34907,carbon-app,2017-06-16T02:50:28Z,2025-02-20T13:39:51Z,JavaScript,6,669,215,51,627
typeorm,34895,typeorm,2016-02-29T07:41:14Z,2025-02-20T21:09:27Z,TypeScript,140,2026,32,2406,5867
metasploit-framework,34853,rapid7,2011-08-30T06:13:20Z,2025-02-20T22:32:09Z,Ruby,36,10935,0,419,5736
cli,34816,httpie,2012-02-25T12:39:13Z,2025-02-20T22:30:42Z,Makefile,20,406,47,163,718
chatgpt-on-wechat,34802,zhayujie,2022-08-07T08:33:41Z,2025-02-20T21:01:16Z,Python,41,245,61,280,1652
glide,34785,bumptech,2013-07-08T22:52:33Z,2025-02-20T18:35:14Z,Java,21,544,47,541,3918
halo,34781,halo-dev,2018-03-21T12:56:52Z,2025-02-20T20:11:21Z,Java,0,2411,207,347,3781
compose,34770,docker,2013-12-09T11:40:58Z,2025-02-20T21:24:02Z,Shell,11,3275,246,89,7768
ToolJet,34752,ToolJet,2021-03-30T08:51:34Z,2025-02-20T21:41:20Z,HTML,249,5551,283,661,4013
the-way-to-go_ZH_CN,34742,unknwon,2013-03-24T17:18:38Z,2025-02-20T16:46:03Z,Go,21,592,0,0,0
ccxt,34677,ccxt,2017-05-14T15:41:56Z,2025-02-20T21:36:11Z,JavaScript,477,12523,137,913,9657
ChatTTS,34551,2noise,2024-05-27T18:26:49Z,2025-02-20T20:43:45Z,Python,3,210,5,64,544
vim-plug,34549,junegunn,2013-09-10T14:58:51Z,2025-02-20T22:32:02Z,Shell,13,176,8,69,957
system-design,34545,karanpratapsingh,2022-08-15T18:59:54Z,2025-02-20T18:07:20Z,Unknown,1,11,0,1,20
TaskMatrix,34539,chenfei-wu,2023-03-02T09:04:28Z,2025-02-20T20:15:17Z,Python,37,21,0,220,136
HanLP,34441,hankcs,2014-10-09T06:36:16Z,2025-02-20T16:00:03Z,Python,4,79,62,8,1417
node-v0.x-archive,34411,nodejs,2009-05-27T16:29:46Z,2025-02-20T18:08:30Z,Unknown,0,218,0,0,6379
caffe,34228,BVLC,2013-09-12T18:39:48Z,2025-02-20T08:31:28Z,CMake,287,1087,14,900,3899
formik,34149,jaredpalmer,2017-06-14T19:50:59Z,2025-02-20T18:09:46Z,TypeScript,128,829,196,697,1556
cal.com,34146,calcom,2021-03-22T13:47:42Z,2025-02-20T21:33:43Z,JavaScript,171,8891,387,887,6310
clipboard.js,34107,zenorocha,2015-09-18T23:04:55Z,2025-02-20T21:39:55Z,JavaScript,3,117,42,10,616
12306,34010,testerSunshine,2017-05-17T12:23:40Z,2025-02-20T08:37:26Z,Python,56,31,1,225,466
awesome-javascript,33984,sorrycc,2014-07-01T15:59:02Z,2025-02-20T21:10:54Z,Unknown,10,387,0,4,87
gold-miner,33949,xitu,2015-11-04T03:29:13Z,2025-02-20T15:02:22Z,Unknown,1,3563,0,5,5591
nushell,33939,nushell,2019-05-10T16:59:42Z,2025-02-20T22:34:13Z,Rust,37,7313,104,1442,4677
marked,33898,markedjs,2011-07-24T13:15:51Z,2025-02-20T18:48:49Z,JavaScript,2,1489,146,16,1544
spacedrive,33892,spacedriveapp,2021-09-27T05:09:04Z,2025-02-20T19:48:46Z,JavaScript,6,1880,25,111,387
REKCARC-TSC-UHT,33862,PKUanonym,2019-04-05T03:31:23Z,2025-02-20T16:50:57Z,HTML,0,159,0,1,30
netty,33804,netty,2010-11-09T09:22:21Z,2025-02-20T16:22:58Z,Java,49,3931,0,581,5981
awesome-shell,33778,alebcay,2014-07-07T01:57:42Z,2025-02-20T22:13:37Z,Unknown,75,307,0,35,22
jieba,33707,fxsjy,2012-09-29T07:52:01Z,2025-02-20T15:29:38Z,Python,53,96,9,626,227
react-beautiful-dnd,33668,atlassian,2017-08-09T03:37:15Z,2025-02-20T16:49:59Z,JavaScript,75,530,68,569,1044
shadowsocks,33602,shadowsocks,2012-04-20T13:10:49Z,2025-02-20T12:44:25Z,Python,16,70,2,0,0
Langchain-Chatchat,33563,chatchat-space,2023-03-31T12:12:45Z,2025-02-20T20:34:46Z,Python,13,616,31,211,3830
AndroidUtilCode,33455,Blankj,2016-07-30T18:18:32Z,2025-02-20T08:23:39Z,Java,14,88,117,302,1278
spring-boot-demo,33390,xkcoding,2017-11-10T06:27:29Z,2025-02-20T11:57:31Z,Java,41,15,0,96,73
sqlmap,33359,sqlmapproject,2012-06-26T09:52:15Z,2025-02-20T22:33:10Z,Python,15,169,10,50,5235
AFNetworking,33351,AFNetworking,2011-05-31T21:28:44Z,2025-02-19T19:53:26Z,Objective-C,18,710,40,0,0
LeetCode-Go,33337,halfrost,2017-07-18T00:06:14Z,2025-02-20T14:37:04Z,Go,4,178,4,16,63
brackets,33233,adobe,2011-12-07T21:14:40Z,2025-02-20T20:09:22Z,JavaScript,166,4332,69,2617,7066
pytorch-image-models,33222,huggingface,2019-02-02T05:51:12Z,2025-02-20T20:57:15Z,Python,20,436,64,48,907
XX-Net,33166,XX-net,2015-01-15T09:35:51Z,2025-02-20T16:32:21Z,Python,2,362,388,7900,5413
framework,33153,laravel,2013-01-10T21:27:28Z,2025-02-20T22:02:33Z,PHP,31,15959,801,19,18521
windows,33122,dockur,2024-01-14T13:09:40Z,2025-02-20T22:05:05Z,Dockerfile,1,327,80,91,562
husky,33120,typicode,2014-06-23T12:14:21Z,2025-02-20T21:01:35Z,JavaScript,16,262,80,58,1012
faiss,33115,facebookresearch,2017-02-07T16:07:05Z,2025-02-20T21:10:51Z,C++,44,137,18,226,2346
easyexcel,33107,alibaba,2018-02-06T03:14:08Z,2025-02-20T18:37:47Z,Java,80,190,14,463,3113
gulp,33083,gulpjs,2013-07-04T05:26:06Z,2025-02-20T22:35:15Z,JavaScript,6,405,23,28,1906
zxing,33068,zxing,2011-10-12T14:07:27Z,2025-02-20T22:18:25Z,Java,6,317,31,7,1290
node,33068,inkonchain,2024-05-13T23:20:40Z,2025-02-20T22:23:34Z,Shell,1,28,2,5,9
fastify,33063,fastify,2016-09-28T19:10:14Z,2025-02-20T14:36:59Z,JavaScript,31,2939,290,61,1976
solid,33026,solidjs,2018-04-24T16:36:27Z,2025-02-20T19:47:09Z,JavaScript,29,363,35,101,948
immutable-js,33020,immutable-js,2014-07-02T06:02:29Z,2025-02-20T16:26:43Z,JavaScript,19,533,85,100,1147
leetcode,33015,doocs,2018-09-16T14:03:03Z,2025-02-20T22:08:44Z,Java,14,3668,21,2,48
docs,33015,inkonchain,2024-05-07T16:49:36Z,2025-02-20T22:23:34Z,JavaScript,8,278,0,14,13
NewPipe,32976,TeamNewPipe,2015-09-03T23:39:26Z,2025-02-20T21:23:16Z,Java,16,1605,135,1176,8107
Coursera-ML-AndrewNg-Notes,32931,fengdu78,2017-11-04T10:04:08Z,2025-02-20T18:10:13Z,HTML,13,13,0,53,15
AgentGPT,32906,reworkd,2023-04-07T02:29:19Z,2025-02-20T20:58:21Z,JavaScript,79,539,12,124,337
JavaScript,32886,TheAlgorithms,2017-07-13T06:12:33Z,2025-02-20T19:06:23Z,JavaScript,111,795,0,7,196
ink-kit,32871,inkonchain,2024-11-04T16:32:17Z,2025-02-20T22:23:34Z,TypeScript,1,84,0,3,0
linux-command,32814,jaywcjlove,2016-11-12T15:44:26Z,2025-02-20T20:24:02Z,HTML,8,345,29,71,122
ijkplayer,32744,bilibili,2013-06-03T04:12:04Z,2025-02-20T12:15:05Z,Shell,58,35,0,2821,2540
ShadowsocksX-NG,32635,shadowsocks,2016-06-10T11:49:00Z,2025-02-19T18:36:37Z,Ruby,4,64,30,308,1048
carbon-lang,32631,carbon-language,2020-04-27T21:45:16Z,2025-02-20T21:12:42Z,GDB,16,3561,228,112,511
poetry,32606,python-poetry,2018-02-28T15:23:47Z,2025-02-20T22:44:23Z,Python,51,2268,139,458,5615
payload,32581,payloadcms,2021-01-05T18:49:45Z,2025-02-20T22:36:30Z,JavaScript,217,4807,486,253,2893
milvus,32578,milvus-io,2019-09-16T06:43:43Z,2025-02-20T21:26:20Z,CMake,105,21082,107,639,12128
Python,32560,geekcomputers,2011-11-30T09:04:08Z,2025-02-20T20:26:06Z,Python,98,1629,0,301,140
engineering-blogs,32499,kilimchoi,2015-06-13T18:25:17Z,2025-02-20T21:31:44Z,Ruby,110,681,0,22,74
plane,32469,makeplane,2022-11-19T12:55:01Z,2025-02-20T21:19:30Z,TypeScript,24,4967,39,417,699
harness,32461,harness,2014-02-07T07:54:44Z,2025-02-20T21:21:26Z,Go,2,1042,50,71,1920
legado,32456,gedoor,2019-05-22T04:18:58Z,2025-02-20T22:32:24Z,Kotlin,12,1074,115,77,2553
awesome-awesomeness,32380,bayandin,2014-07-08T05:44:19Z,2025-02-20T21:23:30Z,Ruby,24,197,0,16,52
gpt-pilot,32378,Pythagora-io,2023-08-16T11:56:07Z,2025-02-20T22:31:05Z,Python,6,395,0,243,301
material-design-lite,32291,google,2015-01-14T22:01:33Z,2025-02-20T09:44:23Z,CSS,42,655,14,377,1812
zsh-autosuggestions,32279,zsh-users,2013-10-26T16:09:37Z,2025-02-20T16:52:05Z,Shell,31,114,0,150,453
portainer,32038,portainer,2016-05-19T20:15:28Z,2025-02-20T22:14:45Z,JavaScript,176,4777,137,539,5230
certbot,31941,certbot,2014-11-12T02:52:20Z,2025-02-20T14:59:37Z,Python,56,3872,56,134,5240
How-To-Ask-Questions-The-Smart-Way,31939,ryanhanwu,2015-03-28T16:52:40Z,2025-02-20T20:27:34Z,JavaScript,0,98,0,7,20
polars,31935,pola-rs,2020-05-13T19:45:33Z,2025-02-20T22:31:33Z,Rust,154,10337,202,2164,7723
openpose,31900,CMU-Perceptual-Computing-Lab,2017-04-24T14:06:31Z,2025-02-20T17:03:40Z,C++,20,174,15,323,1663
run,31899,The-Run-Philosophy-Organization,2022-04-10T05:42:40Z,2025-02-20T16:45:43Z,Unknown,1,172,0,42,213
LLM101n,31863,karpathy,2024-05-27T00:23:38Z,2025-02-20T19:40:12Z,Unknown,0,0,0,0,0
HEU_KMS_Activator,31859,zbezj,2019-06-23T00:49:35Z,2025-02-20T20:06:21Z,Unknown,2,0,40,136,25
beego,31834,beego,2012-02-29T02:32:08Z,2025-02-20T19:23:23Z,Go,1,1309,38,6,3350
chatgpt-web,31834,Chanzhaoyu,2023-02-09T03:21:37Z,2025-02-20T17:09:49Z,JavaScript,1,159,43,0,1747
vault,31803,hashicorp,2015-02-25T00:15:59Z,2025-02-20T22:46:58Z,Go,253,19897,156,1073,5177
my-tv,31778,lizongying,2023-12-04T12:18:39Z,2025-02-20T19:38:43Z,Kotlin,3,11,72,138,774
swc,31703,swc-project,2017-12-22T11:40:14Z,2025-02-20T21:59:52Z,Rust,31,5063,623,394,3332
mattermost,31691,mattermost,2015-06-15T06:50:02Z,2025-02-20T22:46:26Z,Makefile,284,18009,716,651,8222
android-open-project,31678,Trinea,2014-01-05T15:20:15Z,2025-02-20T09:43:52Z,Unknown,17,204,0,11,74
shardeum,31652,shardeum,2024-04-16T22:37:25Z,2025-02-20T22:43:24Z,Dockerfile,35,175,0,13,23
modern-unix,31624,ibraheemdev,2021-01-12T00:50:14Z,2025-02-20T22:04:50Z,Unknown,14,15,0,51,30
selenium,31624,SeleniumHQ,2013-01-14T21:40:56Z,2025-02-20T21:55:38Z,Shell,85,2561,102,131,10511
AnotherRedisDesktopManager,31570,qishibo,2019-01-08T06:01:56Z,2025-02-20T15:06:07Z,HTML,12,149,53,122,916
chatbox,31519,Bin-Huang,2023-03-06T12:22:15Z,2025-02-20T22:05:00Z,TypeScript,42,53,47,506,1290
ControlNet,31501,lllyasviel,2023-02-01T02:43:30Z,2025-02-20T22:23:49Z,Python,23,5,0,426,138
RevokeMsgPatcher,31493,huiyadanli,2019-07-21T15:12:52Z,2025-02-20T22:34:34Z,C#,0,10,20,68,690
graphql-engine,31362,hasura,2018-06-18T07:57:36Z,2025-02-20T14:44:11Z,Go,125,2110,279,2250,4082
jax,31356,jax-ml,2018-10-25T21:25:02Z,2025-02-20T22:14:30Z,Python,437,12093,118,1499,4476
awesome-php,31337,ziadoz,2013-11-26T03:14:19Z,2025-02-20T13:25:29Z,Unknown,60,444,0,2,150
awesome-docker,31331,veggiemonk,2014-09-21T17:01:48Z,2025-02-20T22:42:42Z,Unknown,1,929,1,2,127
nps,31281,ehang-io,2018-11-04T13:22:51Z,2025-02-20T16:47:38Z,Go,19,74,59,493,697
C-Plus-Plus,31263,TheAlgorithms,2016-07-16T10:19:45Z,2025-02-20T16:14:22Z,C++,13,667,0,8,305
detectron2,31258,facebookresearch,2019-09-05T21:30:20Z,2025-02-20T17:59:43Z,Shell,103,0,10,454,3083
yew,31247,yewstack,2017-12-16T14:19:02Z,2025-02-20T22:33:47Z,Rust,55,1730,35,123,1127
bruno,31242,usebruno,2022-09-27T20:51:45Z,2025-02-20T22:02:40Z,JavaScript,208,923,124,1106,1272
jq,31231,jqlang,2012-07-18T19:57:25Z,2025-02-20T22:41:15Z,C,90,578,13,363,1868
serenity,31094,SerenityOS,2018-12-02T19:28:41Z,2025-02-20T21:20:58Z,C++,12,19174,0,714,3497
learnGitBranching,31089,pcottle,2012-08-13T22:36:09Z,2025-02-20T22:38:43Z,JavaScript,0,588,0,42,461
crawl4ai,31084,unclecode,2024-05-09T09:48:50Z,2025-02-20T22:46:12Z,Python,18,45,0,58,413
swr,31055,vercel,2019-10-28T18:16:01Z,2025-02-20T16:33:17Z,JavaScript,31,781,118,128,808
rxjs,31028,ReactiveX,2015-03-15T06:17:10Z,2025-02-20T18:43:50Z,HTML,52,2588,2,218,2937
fairseq,31021,facebookresearch,2017-08-29T16:26:12Z,2025-02-20T20:45:11Z,Python,146,233,16,1164,3055
vimrc,31019,amix,2012-05-29T16:19:29Z,2025-02-20T01:57:12Z,Shell,6,107,0,6,510
OpenVoice,30995,myshell-ai,2023-11-29T12:17:01Z,2025-02-20T22:27:38Z,Python,15,17,0,219,55
html2canvas,30992,niklasvh,2011-07-16T01:05:58Z,2025-02-20T13:32:00Z,JavaScript,74,186,45,944,1657
llvm-project,30990,llvm,2016-12-07T09:39:33Z,2025-02-20T22:49:26Z,Starlark,3828,37928,123,24799,55869
remote-jobs,30976,remoteintech,2015-10-13T03:49:25Z,2025-02-20T16:21:40Z,JavaScript,20,1250,0,20,159
unsloth,30961,unslothai,2023-11-29T16:50:09Z,2025-02-20T22:46:51Z,Python,46,293,11,729,646
MS-DOS,30957,microsoft,2018-06-25T18:26:02Z,2025-02-20T13:57:12Z,Assembly,0,37,0,0,0
spaCy,30957,explosion,2014-07-03T15:15:40Z,2025-02-20T18:10:45Z,Shell,25,3581,127,159,5524
jQuery-File-Upload,30949,blueimp,2010-12-01T15:35:32Z,2025-02-20T19:11:22Z,JavaScript,3,119,0,49,3258
HowToLiveLonger,30947,geekan,2022-04-16T04:15:18Z,2025-02-20T15:27:58Z,Unknown,2,13,0,26,103
ShareX,30891,ShareX,2013-10-08T23:32:10Z,2025-02-20T20:33:38Z,C#,5,744,80,577,6052
lottie-web,30888,airbnb,2015-02-20T21:02:59Z,2025-02-20T16:59:20Z,HTML,57,136,0,759,2122
Blog,30886,mqyqingfeng,2017-03-13T10:04:33Z,2025-02-20T19:48:56Z,Unknown,5,3,0,229,100
nacos,30868,alibaba,2018-06-15T06:49:27Z,2025-02-20T17:07:37Z,Java,13,2946,76,234,8575
pnpm,30827,pnpm,2016-01-28T07:40:43Z,2025-02-20T20:32:06Z,JavaScript,73,2425,983,1714,2815
aseprite,30812,aseprite,2014-08-19T23:44:50Z,2025-02-20T21:53:17Z,CMake,34,347,114,1682,2376
pytorch-tutorial,30807,yunjey,2017-03-10T07:41:47Z,2025-02-20T14:28:56Z,Python,21,28,0,66,113
remix,30765,remix-run,2020-10-26T19:57:28Z,2025-02-20T22:12:54Z,JavaScript,85,3364,155,275,2303
floating-ui,30687,floating-ui,2016-03-29T17:00:47Z,2025-02-20T19:01:03Z,JavaScript,11,1111,467,32,1381
etcher,30641,balena-io,2015-10-27T16:53:23Z,2025-02-20T18:59:56Z,CSS,28,1726,284,494,1809
dotfiles,30585,mathiasbynens,2011-09-05T18:07:54Z,2025-02-20T20:53:53Z,Shell,48,44,0,144,248
p3c,30564,alibaba,2017-06-23T06:15:51Z,2025-02-20T14:14:18Z,Kotlin,27,62,0,160,698
WxJava,30558,binarywang,2016-01-06T08:24:05Z,2025-02-20T16:54:36Z,Java,3,988,30,32,2239
LocalAI,30538,mudler,2023-03-18T22:58:02Z,2025-02-20T22:04:00Z,Earthly,20,3062,69,402,538
outline,30529,outline,2016-05-22T21:31:47Z,2025-02-20T22:45:32Z,JavaScript,10,2642,141,106,3026
cockroach,30527,cockroachdb,2014-02-06T00:18:47Z,2025-02-20T22:45:54Z,Shell,1009,63104,0,5883,64711
libpku,30514,lib-pku,2018-11-22T13:33:06Z,2025-02-20T15:35:48Z,JavaScript,4,22,0,10,31
echo,30493,labstack,2015-03-01T17:43:01Z,2025-02-20T17:47:34Z,Go,28,586,108,54,1381
v2ray-core,30435,v2fly,2019-04-15T10:05:54Z,2025-02-20T20:58:38Z,Go,4,866,100,35,970
slate,30388,ianstormtaylor,2016-06-18T01:52:42Z,2025-02-20T18:06:58Z,JavaScript,30,1878,186,653,2502
spring-boot-examples,30374,ityouknow,2016-11-05T05:32:33Z,2025-02-20T13:13:03Z,Java,6,7,0,9,99
YesPlayMusic,30359,qier222,2020-10-09T10:04:21Z,2025-02-20T18:01:43Z,JavaScript,7,283,31,594,1188
linux-insides,30345,0xAX,2015-01-03T18:44:57Z,2025-02-20T20:28:29Z,Shell,11,577,0,33,152
lede,30338,coolsnowwolf,2017-09-06T07:39:03Z,2025-02-20T14:54:58Z,Makefile,1,1988,6,742,8185
CyberChef,30313,gchq,2016-11-28T10:34:07Z,2025-02-20T22:17:43Z,JavaScript,96,475,447,407,601
rufus,30307,pbatard,2011-11-19T19:12:05Z,2025-02-20T20:36:19Z,Shell,1,1,81,8,2418
NeteaseCloudMusicApi,30305,Binaryify,2016-06-22T11:58:03Z,2025-02-20T11:57:38Z,Unknown,0,292,0,147,1190
mmdetection,30292,open-mmlab,2018-08-22T07:06:06Z,2025-02-20T15:34:09Z,Shell,181,2359,53,1697,6732
cline,30274,cline,2024-07-06T07:28:10Z,2025-02-20T22:43:19Z,JavaScript,49,135,49,352,577
browser-use,30118,browser-use,2024-10-31T16:00:56Z,2025-02-20T22:35:13Z,Python,40,245,34,263,86
Sortable,30071,SortableJS,2013-12-19T10:10:13Z,2025-02-20T09:30:33Z,JavaScript,31,246,30,458,1342
calculator,30062,microsoft,2019-01-28T17:55:49Z,2025-02-20T17:33:19Z,PowerShell,19,881,0,362,713
symfony,30040,symfony,2010-01-04T14:21:21Z,2025-02-20T19:02:49Z,Shell,293,23425,537,523,20218
HEAD,30025,joshbuchea,2016-04-20T20:05:37Z,2025-02-20T21:34:23Z,Unknown,8,86,0,20,73
manim,30014,ManimCommunity,2020-05-19T02:37:13Z,2025-02-20T19:58:25Z,Python,76,1832,29,411,1180
chatbot-ui,30008,mckaywrigley,2023-03-11T14:53:14Z,2025-02-20T21:41:56Z,TypeScript,41,281,0,158,814
winutil,29992,ChrisTitusTech,2022-04-28T02:25:19Z,2025-02-20T22:42:22Z,PowerShell,10,762,17,187,1542
layui,29976,layui,2015-09-22T08:12:03Z,2025-02-20T15:31:47Z,JavaScript,3,534,136,44,1169
full-stack-fastapi-template,29961,fastapi,2019-02-23T15:08:34Z,2025-02-20T22:32:57Z,Shell,18,374,10,163,257
awesome-cto,29956,kuchin,2016-12-16T19:22:18Z,2025-02-20T22:18:31Z,Unknown,6,12,0,2,9
qBittorrent,29945,qbittorrent,2012-02-04T09:37:46Z,2025-02-20T22:47:53Z,Shell,28,3721,0,2786,13602
webtorrent,29939,webtorrent,2013-10-15T08:16:40Z,2025-02-20T22:40:09Z,JavaScript,11,933,210,66,1586
interactive-coding-challenges,29936,donnemartin,2015-04-28T21:36:39Z,2025-02-20T20:24:41Z,C++,38,176,0,36,32
minikube,29935,kubernetes,2016-04-15T22:38:35Z,2025-02-20T22:41:52Z,Go,58,8405,150,502,9343
go-zero,29934,zeromicro,2020-08-07T15:37:57Z,2025-02-20T21:47:34Z,Go,101,2170,125,219,1511
dokku,29932,dokku,2013-06-08T10:26:57Z,2025-02-20T20:12:09Z,Shell,19,3913,294,45,2719
bulletproof-react,29929,alan2207,2021-05-30T14:47:16Z,2025-02-20T18:17:14Z,JavaScript,7,69,0,31,76
refine,29926,refinedev,2021-01-20T12:01:32Z,2025-02-20T19:32:08Z,TypeScript,8,4311,1000,25,1557
tabby,29908,TabbyML,2023-03-16T09:18:01Z,2025-02-20T22:04:02Z,Python,53,2667,191,162,665
sharp,29891,lovell,2013-08-19T20:24:24Z,2025-02-20T18:19:50Z,Python,2,288,88,129,3769
stanford_alpaca,29830,tatsu-lab,2023-03-10T23:33:09Z,2025-02-20T10:50:03Z,Python,19,6,0,173,98
sequelize,29787,sequelize,2010-07-22T07:11:11Z,2025-02-20T12:42:55Z,JavaScript,94,4840,484,864,9503
jsPDF,29769,parallax,2009-12-06T14:56:32Z,2025-02-20T18:37:55Z,HTML,7,713,34,115,2409
vue-cli,29757,vuejs,2015-12-26T23:11:20Z,2025-02-20T21:08:55Z,JavaScript,136,1258,177,934,4558
mpv,29731,mpv-player,2012-10-13T08:08:44Z,2025-02-20T22:00:10Z,Objective-C,96,3257,86,844,9411
foundation-sites,29720,foundation,2011-10-13T23:05:42Z,2025-02-20T20:26:42Z,JavaScript,10,2958,79,49,8180
Real-ESRGAN,29698,xinntao,2021-07-19T03:23:30Z,2025-02-20T20:26:57Z,Python,44,21,10,530,169
union,29677,unionlabs,2023-05-16T22:33:39Z,2025-02-20T22:49:00Z,Solidity,41,1909,76,244,1401
fabric.js,29660,fabricjs,2010-06-09T22:24:38Z,2025-02-20T14:17:03Z,JavaScript,68,2223,165,400,5729
Reactive-Resume,29650,AmruthPillai,2020-03-25T14:08:22Z,2025-02-20T22:39:22Z,JavaScript,2,633,95,208,1238
lossless-cut,29647,mifi,2016-10-30T10:49:56Z,2025-02-20T22:25:55Z,JavaScript,4,192,99,174,1359
bubbletea,29641,charmbracelet,2020-01-10T21:04:03Z,2025-02-20T21:01:45Z,Go,44,571,55,67,260
Umi-OCR,29599,hiroi-sora,2022-03-28T04:01:46Z,2025-02-20T20:26:41Z,Python,0,45,30,172,475
leakcanary,29556,square,2015-04-29T23:54:16Z,2025-02-20T18:55:59Z,Shell,11,919,43,98,1512
AI-Expert-Roadmap,29556,AMAI-GmbH,2020-10-24T21:49:40Z,2025-02-20T22:36:48Z,Vue,3,13,0,19,46
editor.js,29553,codex-team,2015-11-28T20:56:35Z,2025-02-20T17:22:31Z,JavaScript,77,860,100,584,919
influxdb,29528,influxdata,2013-09-26T14:31:10Z,2025-02-20T22:30:52Z,Shell,69,10263,87,2022,11726
siyuan,29524,siyuan-note,2020-08-30T09:21:35Z,2025-02-20T22:46:59Z,Dockerfile,2,403,742,332,13260
hutool,29523,chinabugotech,2014-04-13T07:23:51Z,2025-02-20T16:37:07Z,Shell,0,421,149,4,2881
project-guidelines,29514,elsewhencode,2017-06-30T10:17:55Z,2025-02-20T22:26:20Z,JavaScript,6,114,0,9,29
react-boilerplate,29511,react-boilerplate,2015-02-18T14:36:32Z,2025-02-20T14:40:05Z,HTML,45,715,16,83,1822
uppy,29508,transloadit,2015-11-16T12:32:33Z,2025-02-20T09:28:59Z,HTML,11,2960,132,141,2235
kafka,29490,apache,2011-08-15T18:06:16Z,2025-02-20T21:25:13Z,Shell,268,10678,0,0,0
phantomjs,29484,ariya,2010-12-27T08:18:58Z,2025-02-20T17:00:50Z,C,0,562,0,14,4731
netron,29416,lutzroeder,2010-12-26T12:53:43Z,2025-02-20T22:23:26Z,JavaScript,2,1,3,20,1154
500lines,29408,aosabook,2013-11-04T02:02:53Z,2025-02-20T18:59:30Z,Makefile,30,175,0,31,39
fabric,29396,danielmiessler,2024-01-03T23:18:31Z,2025-02-20T22:49:56Z,Go,6,255,92,175,411
stats,29393,exelban,2019-05-29T19:24:56Z,2025-02-20T22:33:51Z,Swift,1,400,283,20,1905
OpenAPI-Specification,29388,OAI,2014-03-03T16:53:36Z,2025-02-20T20:34:20Z,JavaScript,9,1255,12,171,2120
Mr.-Ranedeer-AI-Tutor,29361,JushBJJ,2023-03-31T12:37:26Z,2025-02-20T15:17:43Z,Unknown,1,19,3,13,34
backstage,29357,backstage,2020-01-24T22:39:49Z,2025-02-20T19:48:29Z,JavaScript,148,17715,405,349,6217
comprehensive-rust,29342,google,2022-12-21T15:17:24Z,2025-02-20T22:36:12Z,JavaScript,35,2005,0,106,214
particles.js,29335,VincentGarreau,2014-09-06T14:29:47Z,2025-02-20T15:55:38Z,JavaScript,59,21,6,301,106
Hover,29335,IanLunn,2014-01-02T14:27:35Z,2025-02-20T08:59:20Z,JavaScript,18,23,10,24,83
apollo,29332,apolloconfig,2016-03-04T10:24:23Z,2025-02-20T12:54:02Z,Java,2,1421,41,139,3156
roop,29324,s0md3v,2023-05-28T14:37:54Z,2025-02-20T22:05:56Z,Python,3,82,6,0,0
servo,29314,servo,2012-02-08T19:07:25Z,2025-02-20T21:28:39Z,Rust,76,18514,0,3144,9918
GPTs,29307,linexjlin,2023-11-11T03:24:16Z,2025-02-20T15:44:50Z,Unknown,1,45,0,6,21
tqdm,29302,tqdm,2015-06-03T13:13:14Z,2025-02-20T21:03:26Z,Python,123,287,131,429,584
standard,29260,standard,2015-01-27T01:23:31Z,2025-02-20T18:05:15Z,JavaScript,13,412,7,110,1121
awesome-macos-command-line,29253,herrbischoff,2015-09-22T19:37:55Z,2025-02-20T22:42:48Z,Unknown,0,104,0,0,0
es6features,29230,lukehoban,2014-03-03T18:29:30Z,2025-02-20T09:17:18Z,Unknown,18,41,0,21,36
ruoyi-vue-pro,29228,YunaiV,2021-01-24T03:18:25Z,2025-02-20T16:20:33Z,Java,6,55,34,11,511
algo,29198,trailofbits,2016-05-15T03:42:48Z,2025-02-20T22:13:31Z,Shell,17,530,2,175,1428
rocksdb,29164,facebook,2012-11-30T06:16:18Z,2025-02-20T19:35:07Z,Shell,422,606,200,690,2598
directus,29124,directus,2012-12-12T01:35:36Z,2025-02-20T22:19:38Z,JavaScript,32,7728,327,525,8457
awesome-python-cn,29108,jobbole,2015-11-03T09:50:50Z,2025-02-20T16:49:40Z,Makefile,10,51,0,13,18
cheerio,29098,cheeriojs,2011-10-09T04:23:20Z,2025-02-20T19:47:51Z,HTML,10,2613,58,27,1178
COVID-19,29088,CSSEGISandData,2020-02-04T22:03:53Z,2025-02-20T08:00:28Z,Unknown,281,2152,0,1680,2079
paper-reading,29085,mli,2021-10-22T06:34:51Z,2025-02-20T19:36:29Z,Unknown,2,14,0,0,0
alpine,29060,alpinejs,2019-11-28T13:51:55Z,2025-02-20T22:01:35Z,JavaScript,29,655,136,0,607
MonitorControl,29031,MonitorControl,2017-09-16T21:13:40Z,2025-02-20T19:42:09Z,Swift,0,213,26,7,950
pytorch-lightning,29015,Lightning-AI,2019-03-31T00:45:57Z,2025-02-20T18:27:00Z,Python,71,8830,163,867,6352
folly,28993,facebook,2012-06-01T20:49:04Z,2025-02-20T21:37:42Z,C++,84,12,228,269,912
data-engineering-zoomcamp,28984,DataTalksClub,2021-10-21T09:32:50Z,2025-02-20T12:29:30Z,HCL,4,373,0,1,132
swift-algorithm-club,28954,kodecocodes,2016-01-26T17:56:12Z,2025-02-20T20:12:01Z,Swift,29,610,0,32,183
weekly,28940,ascoders,2017-03-20T06:10:04Z,2025-02-20T20:04:26Z,JavaScript,0,136,193,2,363
CheatSheetSeries,28904,OWASP,2018-12-21T14:26:43Z,2025-02-20T20:42:08Z,Shell,8,995,0,43,438
tiptap,28872,ueberdosis,2018-08-20T19:58:58Z,2025-02-20T19:05:33Z,JavaScript,33,1031,850,526,2419
numpy,28866,numpy,2010-09-13T23:02:39Z,2025-02-20T22:29:57Z,Python,203,12394,125,2003,11110
Data-Science-For-Beginners,28844,microsoft,2021-03-03T16:30:15Z,2025-02-20T21:35:28Z,JavaScript,33,293,0,22,95
k3s,28831,k3s-io,2018-05-31T01:37:46Z,2025-02-20T21:42:19Z,Go,20,3732,824,119,6332
composer,28829,composer,2011-06-08T08:53:00Z,2025-02-20T17:35:24Z,PHP,15,2896,209,106,7685
canal,28819,alibaba,2013-01-13T10:59:52Z,2025-02-20T22:31:56Z,Java,62,463,32,1096,3551
django-rest-framework,28812,encode,2011-03-02T17:13:56Z,2025-02-20T20:22:02Z,HTML,38,2976,19,0,0
croc,28796,schollz,2017-10-17T15:20:18Z,2025-02-20T19:13:54Z,Go,2,228,172,7,513
css-protips,28789,AllThingsSmitty,2015-08-29T12:29:03Z,2025-02-20T22:42:50Z,Unknown,11,68,0,1,59
docsify,28773,docsifyjs,2016-11-20T07:55:43Z,2025-02-20T17:37:07Z,JavaScript,43,691,14,143,1133
surrealdb,28731,surrealdb,2021-12-09T15:03:29Z,2025-02-20T19:22:35Z,Dockerfile,53,1812,66,673,1268
todomvc,28728,tastejs,2011-06-03T19:56:33Z,2025-02-20T14:20:59Z,JavaScript,43,760,6,123,661
lux,28709,iawia002,2018-02-24T11:29:03Z,2025-02-20T18:55:42Z,Go,7,296,86,506,539
lighthouse,28702,GoogleChrome,2016-03-08T01:03:11Z,2025-02-20T22:40:17Z,JavaScript,58,5312,116,551,8539
consul,28693,hashicorp,2013-11-04T22:15:27Z,2025-02-20T18:37:13Z,Go,60,13517,199,1233,4265
postcss,28663,postcss,2013-09-24T23:06:48Z,2025-02-20T21:37:28Z,JavaScript,0,745,265,24,984
python-guide,28660,realpython,2011-03-15T03:24:20Z,2025-02-20T17:41:40Z,Makefile,21,683,0,93,176
server,28657,nextcloud,2016-06-02T07:44:14Z,2025-02-20T22:16:30Z,PHP,312,25811,308,2216,17226
mediapipe,28647,google-ai-edge,2019-06-13T19:16:41Z,2025-02-20T22:05:28Z,Python,139,201,59,374,4930
CasaOS,28608,IceWhaleTech,2021-09-26T02:33:09Z,2025-02-20T20:58:41Z,Makefile,2,267,96,595,833
SpringAll,28604,wuyouzhuguli,2018-05-02T02:48:44Z,2025-02-20T14:56:29Z,Java,13,1,0,21,27
slick,28599,kenwheeler,2014-03-24T02:10:05Z,2025-02-20T10:06:08Z,Makefile,190,249,48,1210,2403
linkedin-skill-assessments-quizzes,28576,Ebazhanov,2019-07-13T19:52:56Z,2025-02-20T21:46:51Z,Unknown,0,5638,1,83,807
k9s,28562,derailed,2019-01-25T18:46:02Z,2025-02-20T21:29:50Z,Makefile,80,736,233,556,1389
Hello-Python,28524,mouredev,2022-08-03T17:14:53Z,2025-02-20T22:27:07Z,Python,3,0,0,17,130
react-spring,28468,pmndrs,2018-03-07T15:39:32Z,2025-02-20T16:28:31Z,JavaScript,12,429,50,102,1141
vuex,28456,vuejs,2015-07-16T04:21:26Z,2025-02-20T08:52:22Z,JavaScript,45,656,51,99,1166
handson-ml2,28429,ageron,2019-01-08T03:49:07Z,2025-02-20T18:14:21Z,Jupyter Notebook,10,64,0,214,300
machine-learning-for-software-engineers,28363,ZuzooVn,2016-10-09T21:20:25Z,2025-02-20T19:22:09Z,Unknown,14,60,0,17,9
llama3,28351,meta-llama,2024-03-15T17:57:00Z,2025-02-20T20:38:08Z,Python,39,24,0,166,118
android_guides,28347,codepath,2013-06-19T10:24:45Z,2025-02-19T19:16:42Z,Unknown,2,10,0,160,219
plyr,28329,sampotts,2015-02-14T11:33:07Z,2025-02-20T21:40:44Z,JavaScript,37,384,88,879,1220
Clone-Wars,28319,GorvGoyl,2020-12-02T11:10:16Z,2025-02-20T07:16:00Z,Unknown,9,130,0,11,70
xxl-job,28313,xuxueli,2015-11-28T12:59:34Z,2025-02-20T13:31:43Z,Java,173,109,36,651,2484
Free-Certifications,28285,cloudcommunity,2020-07-31T10:26:19Z,2025-02-20T21:18:53Z,Unknown,13,115,0,29,67
spring-cloud-alibaba,28237,alibaba,2017-12-01T20:49:15Z,2025-02-20T17:11:45Z,Java,28,1063,47,253,2187
async,28224,caolan,2010-06-01T21:01:30Z,2025-02-20T15:16:20Z,Makefile,0,554,7,6,1133
UTM,28221,utmapp,2019-04-12T16:09:24Z,2025-02-20T22:43:11Z,Objective-C,18,249,118,875,2352
react-three-fiber,28217,pmndrs,2019-02-25T14:31:51Z,2025-02-20T13:22:30Z,JavaScript,11,631,119,55,1016
puter,28160,HeyPuter,2024-03-03T01:44:32Z,2025-02-20T22:11:32Z,JavaScript,6,476,8,156,382
ladybird,28130,LadybirdBrowser,2024-05-30T09:18:10Z,2025-02-20T22:04:55Z,Shell,56,2589,0,341,360
the-super-tiny-compiler,28118,jamiebuilds,2016-03-11T04:19:18Z,2025-02-20T18:35:15Z,JavaScript,11,20,0,0,0
JavaScript30,28111,wesbos,2016-12-07T19:15:31Z,2025-02-20T21:38:36Z,HTML,55,153,0,0,0
backbone,28103,jashkenas,2010-09-30T19:41:28Z,2025-02-19T20:03:51Z,JavaScript,19,880,0,40,2364
immer,28089,immerjs,2017-12-29T12:25:47Z,2025-02-20T21:11:06Z,JavaScript,21,374,109,33,632
trilium,28088,zadam,2017-05-23T00:30:20Z,2025-02-20T20:24:40Z,JavaScript,23,250,297,885,2614
druid,28069,alibaba,2011-11-03T05:12:51Z,2025-02-20T11:35:22Z,Java,20,1451,51,2205,2276
tinygrad,28068,tinygrad,2020-10-18T16:23:12Z,2025-02-20T22:39:05Z,Python,43,6080,10,124,739
ChatGPT,28058,acheong08,2022-12-03T14:35:24Z,2025-02-20T17:40:51Z,Python,0,294,277,11,794
DevToys,28045,DevToys-app,2021-09-29T01:40:41Z,2025-02-20T21:06:55Z,Batchfile,3,498,38,225,657
tuning_playbook,28024,google-research,2023-01-18T23:32:32Z,2025-02-20T22:07:28Z,Unknown,1,14,0,9,34
fish-shell,28019,fish-shell,2012-05-10T03:00:55Z,2025-02-20T21:52:33Z,Shell,24,2006,45,426,6954
Complete-Python-3-Bootcamp,28001,Pierian-Data,2018-02-12T19:30:10Z,2025-02-20T22:32:18Z,Jupyter Notebook,105,12,0,138,223
nginxconfig.io,27975,digitalocean,2018-01-05T14:21:14Z,2025-02-20T05:48:02Z,JavaScript,6,191,0,54,184
cobalt,27975,imputnet,2022-07-08T18:12:55Z,2025-02-20T22:21:13Z,JavaScript,13,201,0,132,596
tokio,27965,tokio-rs,2016-09-09T22:31:36Z,2025-02-20T19:18:52Z,Rust,43,3442,126,288,2095
filebrowser,27911,filebrowser,2015-09-11T21:21:58Z,2025-02-20T21:41:19Z,Go,15,526,62,88,2448
reverse-interview,27910,viraptor,2019-09-08T13:38:40Z,2025-02-20T20:49:35Z,Unknown,17,75,0,7,18
stb,27899,nothings,2014-05-25T16:51:23Z,2025-02-20T21:39:09Z,C,134,285,0,162,687
data-science-ipython-notebooks,27877,donnemartin,2015-01-23T19:38:29Z,2025-02-20T22:13:50Z,Python,21,31,0,19,22
viper,27877,spf13,2014-04-02T14:33:33Z,2025-02-20T19:26:16Z,Go,103,487,32,407,478
os-tutorial,27847,cfenollosa,2014-09-29T08:39:34Z,2025-02-20T19:17:31Z,Assembly,50,11,0,72,104
react-select,27827,JedWatson,2014-08-26T04:27:45Z,2025-02-20T03:45:53Z,JavaScript,88,1051,59,360,3247
xstate,27822,statelyai,2015-09-14T15:04:15Z,2025-02-20T21:28:28Z,JavaScript,48,1906,399,96,1272
mantine,27821,mantinedev,2021-01-07T14:02:19Z,2025-02-20T22:18:04Z,JavaScript,13,1364,252,24,2925
glances,27765,nicolargo,2011-12-04T08:49:15Z,2025-02-20T20:51:50Z,Python,16,710,49,178,1803
cursor,27761,getcursor,2023-03-12T00:19:42Z,2025-02-20T22:06:18Z,Unknown,0,46,0,1382,1077
xyflow,27757,xyflow,2019-07-15T14:47:30Z,2025-02-20T22:24:58Z,JavaScript,15,1245,294,107,2015
waifu2x,27752,nagadomi,2015-05-17T07:29:15Z,2025-02-20T19:17:30Z,Lua,3,68,3,153,209
medusa,27741,medusajs,2020-01-18T13:39:04Z,2025-02-20T22:28:31Z,JavaScript,35,6580,113,88,2666
Charts,27739,ChartsOrg,2015-03-20T10:49:12Z,2025-02-20T22:25:45Z,Swift,106,418,38,884,3383
mobx,27735,mobxjs,2015-03-14T14:31:38Z,2025-02-20T09:32:08Z,JavaScript,15,1143,112,51,1911
applied-ml,27717,eugeneyan,2020-07-04T18:57:47Z,2025-02-20T19:53:22Z,Unknown,0,208,0,2,22
GPT_API_free,27684,chatanywhere,2023-04-23T12:42:08Z,2025-02-20T17:41:35Z,Python,5,1,0,57,275
restic,27674,restic,2014-04-27T14:07:58Z,2025-02-20T22:48:28Z,Makefile,32,2126,47,361,2347
ink,27652,vadimdemedes,2017-06-12T06:12:28Z,2025-02-20T19:22:17Z,JavaScript,13,213,53,67,290
90DaysOfDevOps,27651,MichaelCade,2021-12-26T13:55:18Z,2025-02-20T18:31:33Z,Go,0,357,2,9,80
DeepFaceLive,27646,iperov,2020-12-15T12:19:22Z,2025-02-20T20:49:13Z,Python,0,13,35,1,143
jan,27646,janhq,2023-08-17T02:17:10Z,2025-02-20T21:58:53Z,Makefile,5,1967,73,140,2049
aider,27630,Aider-AI,2023-05-09T18:57:49Z,2025-02-20T22:02:59Z,Python,79,183,81,498,2326
diffusers,27599,huggingface,2022-05-30T16:04:02Z,2025-02-20T22:07:14Z,Python,177,4332,81,403,4117
vhr,27593,lenve,2018-01-04T08:57:51Z,2025-02-20T20:23:42Z,Java,56,1,0,158,96
gitbook,27566,GitbookIO,2014-03-31T03:01:56Z,2025-02-20T22:21:01Z,JavaScript,18,717,21,37,1829
hosts,27517,StevenBlack,2012-04-12T20:22:50Z,2025-02-20T22:36:36Z,Python,4,476,729,78,1944
yapi,27497,YMFE,2016-05-30T09:09:09Z,2025-02-20T05:59:20Z,JavaScript,77,141,1,1526,921
helm,27475,helm,2015-10-06T01:07:32Z,2025-02-20T22:47:54Z,Makefile,377,3847,204,382,7557
Daily-Interview-Question,27452,Advanced-Frontend,2019-01-19T10:49:00Z,2025-02-20T15:43:04Z,JavaScript,0,15,0,262,298
CLIP,27447,openai,2020-12-16T11:24:42Z,2025-02-20T17:53:59Z,Python,15,28,0,222,189
textual,27440,Textualize,2021-04-08T15:24:47Z,2025-02-20T21:51:09Z,Python,34,2018,165,169,1934
ResumeSample,27421,geekcompany,2014-09-08T08:08:13Z,2025-02-20T11:58:03Z,Unknown,2,2,0,0,0
python-fire,27412,google,2017-02-21T21:35:07Z,2025-02-20T09:28:07Z,Python,28,118,11,128,198
vnpy,27379,vnpy,2015-03-02T03:36:58Z,2025-02-20T19:50:30Z,Python,1,1043,62,6,2070
underscore,27377,jashkenas,2009-10-25T18:31:06Z,2025-02-20T09:45:11Z,JavaScript,21,746,0,30,1394
motion,27360,motiondivision,2018-11-16T09:48:38Z,2025-02-20T22:21:49Z,Makefile,6,971,0,246,1499
Python-programming-exercises,27306,zhiwehu,2012-06-14T07:56:46Z,2025-02-20T21:09:11Z,Unknown,88,0,0,68,17
aos,27274,michalsnik,2015-07-09T17:49:00Z,2025-02-20T20:06:33Z,CSS,30,38,0,340,360
Xray-core,27273,XTLS,2020-11-09T11:23:10Z,2025-02-20T22:33:34Z,Go,13,850,77,7,2349
weui,27256,Tencent,2014-12-18T04:09:54Z,2025-02-20T09:08:27Z,JavaScript,7,203,51,53,615
mindsdb,27234,mindsdb,2018-08-02T17:56:45Z,2025-02-20T20:35:20Z,Python,77,4796,283,78,4026
Jobs_Applier_AI_Agent_AIHawk,27214,feder-cr,2024-08-04T12:15:06Z,2025-02-20T22:49:36Z,Python,1,185,0,25,653
TrackersListCollection,27204,XIU2,2019-10-03T15:55:07Z,2025-02-20T22:44:26Z,Unknown,0,5,0,0,0
Probabilistic-Programming-and-Bayesian-Methods-for-Hackers,27201,CamDavidsonPilon,2013-01-14T15:46:28Z,2025-02-20T09:28:35Z,Jupyter Notebook,49,243,0,155,90
dragonfly,27162,dragonflydb,2021-12-11T10:00:42Z,2025-02-20T22:30:44Z,CMake,18,2737,91,201,1261
Retrieval-based-Voice-Conversion-WebUI,27162,RVC-Project,2023-03-27T09:59:10Z,2025-02-20T21:53:21Z,Python,14,477,7,500,1274
dnSpy,27113,dnSpy,2015-07-01T16:05:10Z,2025-02-20T17:11:05Z,C#,0,53,1,0,0
it-tools,27112,CorentinTh,2020-04-05T11:50:24Z,2025-02-20T22:42:57Z,JavaScript,276,489,10,364,190
awesome-sysadmin,27103,awesome-foss,2014-12-23T08:41:22Z,2025-02-20T22:42:53Z,Unknown,26,317,0,14,86
mongoose,27102,Automattic,2010-04-06T21:39:05Z,2025-02-20T13:43:06Z,JavaScript,2,3250,176,218,10737
JCSprout,27094,crossoverJie,2017-12-17T09:06:50Z,2025-02-20T11:35:05Z,Java,15,69,0,30,59
firecracker,27086,firecracker-microvm,2017-10-19T06:18:47Z,2025-02-20T20:26:58Z,Rust,24,2916,75,60,1372
ghostty,27073,ghostty-org,2022-03-29T17:38:26Z,2025-02-20T22:32:35Z,Zig,45,1988,1,126,1477
commander.js,27060,tj,2011-08-14T21:33:58Z,2025-02-20T20:03:17Z,JavaScript,0,784,82,5,1100
AdGuardHome,27058,AdguardTeam,2016-07-06T10:31:47Z,2025-02-20T22:40:59Z,Makefile,40,122,195,1020,4537
Tvlist-awesome-m3u-m3u8,27056,imDazui,2017-02-18T03:59:25Z,2025-02-20T22:40:28Z,Unknown,7,1,0,23,47
turborepo,27024,vercel,2021-10-05T17:37:11Z,2025-02-20T22:02:27Z,Makefile,28,5755,464,129,1707
Web,27004,qianguyihao,2017-01-03T11:44:33Z,2025-02-20T16:21:31Z,Unknown,13,0,0,60,152
python-telegram-bot,26991,python-telegram-bot,2015-07-07T15:30:39Z,2025-02-20T16:30:21Z,Python,8,1527,121,16,2206
tdesktop,26977,telegramdesktop,2014-05-02T12:36:31Z,2025-02-20T21:04:17Z,Shell,27,1629,770,858,13833
legacy-homebrew,26962,Homebrew,2009-05-20T19:38:37Z,2025-02-19T22:43:38Z,Unknown,0,222,0,0,17029
codemirror5,26954,codemirror,2011-01-14T13:44:03Z,2025-02-20T17:03:17Z,JavaScript,24,594,173,407,3788
swagger-ui,26950,swagger-api,2011-07-15T22:56:39Z,2025-02-20T19:45:45Z,CSS,85,3203,351,1162,4389
redash,26937,getredash,2013-10-28T13:19:39Z,2025-02-20T16:54:59Z,Shell,89,3222,99,594,1940
coder2gwy,26904,coder2gwy,2020-12-30T14:40:50Z,2025-02-20T16:16:11Z,Unknown,1,2,0,127,28
wails,26872,wailsapp,2018-12-15T23:14:06Z,2025-02-20T21:54:45Z,Go,23,1377,227,252,1673
crewAI,26870,crewAIInc,2023-10-27T03:26:59Z,2025-02-20T22:46:17Z,Python,33,571,76,108,1020
ace,26861,ajaxorg,2010-10-27T10:43:36Z,2025-02-20T17:24:55Z,Makefile,63,1851,97,89,3038
rethinkdb,26851,rethinkdb,2012-10-30T05:37:47Z,2025-02-20T20:29:02Z,Makefile,7,460,72,1345,5047
Avalonia,26836,AvaloniaUI,2013-12-05T20:13:21Z,2025-02-20T22:19:21Z,C#,52,5095,98,1582,5918
kit,26827,go-kit,2015-02-03T00:01:19Z,2025-02-20T15:16:47Z,Go,16,479,13,40,527
angular-cli,26827,angular,2015-06-04T19:49:37Z,2025-02-20T19:18:17Z,JavaScript,21,11062,795,279,15510
headlessui,26809,tailwindlabs,2020-09-16T09:53:09Z,2025-02-20T21:10:38Z,JavaScript,11,588,120,99,1244
mongo,26796,mongodb,2009-01-15T16:15:18Z,2025-02-20T21:19:32Z,Python,82,125,0,0,0
Faker,26795,fzaninotto,2011-10-14T22:49:02Z,2025-02-20T12:32:20Z,Makefile,152,823,12,76,494
rust-course,26791,sunface,2018-08-07T05:01:21Z,2025-02-20T16:32:54Z,CSS,17,749,0,58,148
k6,26785,grafana,2016-03-21T15:30:24Z,2025-02-20T16:40:43Z,Go,18,1920,68,682,1525
vue-vben-admin,26762,vbenjs,2020-07-11T02:29:21Z,2025-02-20T20:31:56Z,JavaScript,18,1421,54,65,3036
gitflow,26752,nvie,2010-01-20T23:14:12Z,2025-02-20T17:24:54Z,Shell,83,36,0,238,126
taichi,26750,taichi-dev,2016-11-24T10:00:05Z,2025-02-20T22:05:11Z,CMake,40,5154,117,812,1867
hangzhou_house_knowledge,26739,houshanren,2018-02-24T01:54:18Z,2025-02-20T12:50:05Z,HTML,5,6,0,99,49
openssl,26727,openssl,2013-01-15T22:34:48Z,2025-02-20T22:13:18Z,Shell,269,144,274,1628,8682
fastai,26648,fastai,2017-09-09T17:43:36Z,2025-02-20T15:29:43Z,Python,24,1683,55,213,1594
data-engineer-handbook,26638,DataExpert-io,2023-11-19T19:47:41Z,2025-02-20T21:05:55Z,Makefile,14,140,0,9,35
firecrawl,26637,mendableai,2024-04-15T21:02:29Z,2025-02-20T22:48:29Z,Dockerfile,40,443,12,97,375
anoma,26622,anoma,2021-02-02T10:00:16Z,2025-02-20T22:23:34Z,Makefile,93,720,7,114,513
duckdb,26616,duckdb,2018-06-26T15:04:45Z,2025-02-20T22:44:20Z,CMake,86,7107,46,307,5249
xgboost,26612,dmlc,2014-02-06T17:28:03Z,2025-02-20T19:13:26Z,R,54,4683,62,376,5023
react-virtualized,26609,bvaughn,2015-11-03T00:48:07Z,2025-02-20T20:28:30Z,JavaScript,2,454,6,3,1214
so-vits-svc,26564,svc-develop-team,2023-03-10T09:31:09Z,2025-02-20T21:14:09Z,Python,7,153,0,21,108
Rectangle,26504,rxhanson,2019-06-21T21:34:53Z,2025-02-20T19:49:08Z,Swift,0,252,89,95,570
vagrant,26489,hashicorp,2010-01-21T08:34:27Z,2025-02-20T21:39:29Z,Ruby,78,2711,134,678,8885
30-Days-Of-React,26477,Asabeneh,2020-09-29T13:38:54Z,2025-02-20T20:24:00Z,HTML,179,10,0,58,18
nodemon,26458,remy,2010-10-03T12:50:52Z,2025-02-20T16:41:13Z,JavaScript,5,308,102,2,1670
cascadia-code,26447,microsoft,2019-07-10T22:50:20Z,2025-02-20T21:18:33Z,Python,2,84,20,142,496
create-t3-app,26399,t3-oss,2022-05-24T13:31:01Z,2025-02-20T22:03:08Z,TypeScript,21,1087,135,57,647
drizzle-orm,26393,drizzle-team,2021-06-24T09:03:05Z,2025-02-20T21:14:54Z,TypeScript,225,565,128,1106,1564
srs,26393,ossrs,2015-04-29T06:59:32Z,2025-02-20T18:53:04Z,Shell,45,465,66,202,1259
vscodium,26392,VSCodium,2018-08-13T14:26:58Z,2025-02-20T22:05:55Z,Shell,3,486,212,118,1262
spleeter,26391,deezer,2019-09-26T15:40:46Z,2025-02-20T22:35:11Z,Dockerfile,33,51,2,223,561
kitty,26367,kovidgoyal,2016-10-16T14:48:28Z,2025-02-20T22:28:10Z,Python,10,1079,121,13,5879
GoodbyeDPI,26360,ValdikSS,2017-05-16T18:48:52Z,2025-02-20T22:35:05Z,Makefile,8,24,30,128,566
the_silver_searcher,26359,ggreer,2011-11-19T19:50:47Z,2025-02-20T17:29:06Z,Shell,123,399,0,437,412
khoj,26316,khoj-ai,2021-08-16T01:48:44Z,2025-02-20T22:21:45Z,Python,6,446,127,68,449
Detectron,26301,facebookresearch,2017-10-05T17:32:00Z,2025-02-20T18:13:14Z,CMake,25,0,0,306,620
quasar,26279,quasarframework,2015-10-05T15:45:36Z,2025-02-20T22:36:16Z,JavaScript,109,3633,989,509,7398
miaosha,26255,qiurunze123,2018-09-14T04:36:24Z,2025-02-20T13:52:07Z,Java,2,20,0,2,80
nprogress,26248,rstacruz,2013-08-20T13:58:02Z,2025-02-20T20:35:23Z,HTML,31,34,7,103,52
ChatDev,26210,OpenBMB,2023-08-28T02:18:13Z,2025-02-20T20:36:36Z,Python,24,110,9,24,246
cmder,26186,cmderdev,2013-07-09T07:44:22Z,2025-02-20T22:46:29Z,C++,5,430,34,54,2227
emscripten,26181,emscripten-core,2011-02-12T05:23:30Z,2025-02-20T22:07:03Z,CMake,364,11559,0,1851,7677
awesome-electron,26121,sindresorhus,2015-04-23T11:48:53Z,2025-02-20T21:41:52Z,Unknown,6,268,0,2,42
Signal-Android,26115,signalapp,2011-12-15T20:01:12Z,2025-02-20T21:51:50Z,Java,27,238,80,394,10599
jumpserver,26102,jumpserver,2014-07-04T03:54:59Z,2025-02-20T20:14:18Z,Python,3,7011,240,78,6854
MinerU,26087,opendatalab,2024-02-29T08:52:34Z,2025-02-20T22:48:26Z,Python,3,593,91,57,930
fastText,26072,facebookresearch,2016-07-16T13:38:42Z,2025-02-19T20:46:07Z,C++,89,12,4,466,611
nginx,26060,nginx,2015-06-23T10:26:27Z,2025-02-20T22:42:25Z,Perl,49,56,4,114,93
ExplorerPatcher,26051,valinet,2021-08-09T14:17:24Z,2025-02-20T22:28:13Z,C,7,15,287,231,2054
lottie-ios,26044,airbnb,2016-10-06T22:38:38Z,2025-02-20T01:10:02Z,Ruby,0,719,69,27,1416
darknet,26023,pjreddie,2014-04-11T07:59:16Z,2025-02-20T20:32:01Z,C,165,10,0,1812,561
next-auth,26011,nextauthjs,2018-01-27T12:28:16Z,2025-02-20T21:00:18Z,JavaScript,92,2177,1000,313,4481
awesome-vscode,26003,viatsko,2016-02-07T23:02:45Z,2025-02-20T22:42:58Z,JavaScript,44,243,0,24,26
hacker-laws,25954,dwmkerr,2018-01-25T03:46:34Z,2025-02-20T20:09:51Z,Shell,5,180,1,139,71
select2,25949,select2,2012-03-04T18:43:12Z,2025-02-20T01:26:31Z,JavaScript,37,713,29,107,4718
ItChat,25944,littlecodersh,2016-01-19T07:49:48Z,2025-02-20T08:41:18Z,Python,19,29,13,282,623
go-patterns,25919,tmrts,2015-12-14T22:05:06Z,2025-02-20T15:57:56Z,Go,48,10,0,17,13
DeepSpeech,25896,mozilla,2016-06-02T15:04:53Z,2025-02-20T17:13:36Z,Python,25,1338,105,126,1986
fonts,25894,powerline,2012-12-19T13:31:50Z,2025-02-20T17:19:15Z,Shell,26,75,1,155,98
table,25834,TanStack,2016-10-20T17:25:08Z,2025-02-20T19:29:38Z,JavaScript,34,960,267,196,2273
everyone-can-use-english,25825,ZuodaoTech,2019-03-15T16:33:53Z,2025-02-20T15:32:08Z,Jupyter Notebook,0,455,46,59,370
refined-github,25811,refined-github,2016-02-15T16:45:02Z,2025-02-20T18:44:11Z,CSS,6,3314,166,115,4208
Telegram,25808,DrKLO,2013-10-25T14:08:10Z,2025-02-20T05:29:22Z,Makefile,125,20,95,0,0
fyne,25804,fyne-io,2018-02-04T22:07:16Z,2025-02-20T21:59:35Z,Go,41,1872,49,662,2325
setup-ipsec-vpn,25798,hwdsl2,2016-01-07T16:44:12Z,2025-02-20T22:16:19Z,Shell,0,44,0,0,1481
fastjson,25779,alibaba,2011-11-03T06:58:52Z,2025-02-20T22:04:20Z,Java,181,418,84,1935,1695
awesome-datascience,25772,academic,2014-07-05T07:07:43Z,2025-02-20T19:57:30Z,Unknown,2,364,11,1,59
fetch,25766,JakeChampion,2014-10-13T00:26:19Z,2025-02-20T08:16:10Z,Makefile,9,197,56,8,647
iced,25729,iced-rs,2019-07-15T22:34:46Z,2025-02-20T19:17:14Z,Rust,53,977,17,294,862
Modernizr,25716,Modernizr,2009-09-25T20:13:23Z,2025-02-19T16:25:43Z,JavaScript,21,811,27,171,1324
awesome-actions,25714,sdras,2018-10-17T17:53:45Z,2025-02-20T22:43:02Z,Unknown,96,445,0,14,27
discord.js,25707,discordjs,2015-08-10T13:36:26Z,2025-02-20T21:53:58Z,JavaScript,24,4674,264,75,3975
fe-interview,25702,haizlin,2019-04-17T03:05:58Z,2025-02-20T14:31:33Z,JavaScript,3,8,2,6007,26
